batter,pressure_score,impact_score,batsman_runs,clutch_index
V Kohli,0.7463623395149787,2.4417261055634807,9155,1832.2752353780313
RG Sharma,0.9138023152270703,2.6128227960819235,7291,1459.6106500445237
S Dhawan,0.6481853000182382,2.412274302389203,6769,1355.0241838409631
DA Warner,0.6279645287688184,2.5630026809651474,6567,1314.6763868838937
KL Rahul,0.7494677075940384,2.403359356517625,5712,1143.6611308256447
SK Raina,0.7766339478094326,2.6052190567392866,5536,1108.5527412018196
MS Dhoni,1.9051450865642525,2.0,5439,1089.3620580346258
AM Rahane,0.6482167670217693,2.525243168133395,5269,1055.069383974062
AB de Villiers,1.0995124749067966,2.5751362202466304,5181,1037.6698594780614
SV Samson,0.7815261044176707,2.7420348058902277,5134,1028.2094243641232
CH Gayle,0.7266780432309442,2.678612059158134,4997,1000.7621160409557
RV Uthappa,0.7091927680162974,2.709065444359562,4954,992.1673032849504
KD Karthik,1.3512340656360184,2.5762137238947656,4843,970.1709791158123
F du Plessis,0.6707350901525658,2.5868238557558945,4773,955.9030235783634
SA Yadav,0.8598582474226805,2.8268363402061856,4506,902.6746778350516
JC Buttler,0.8042566913898742,2.7062237987745887,4476,896.6041921960658
AT Rayudu,1.0375358166189113,2.4388252148997136,4348,870.9905444126075
Shubman Gill,0.6658267716535433,2.57244094488189,4333,867.8953070866143
G Gambhir,0.5729284903518729,2.4662315550510785,4217,844.6156640181613
SS Iyer,0.8208623969562461,2.51141407736208,4127,826.7329105897275
MK Pandey,0.8587183308494784,2.343070044709389,3951,791.4807153502236
SR Watson,0.7378976486860305,2.7327109266943292,3880,777.3882434301521
RR Pant,1.020051986632009,2.6841812105458596,3818,765.0816932788712
RA Jadeja,1.8035520115984052,2.1246828561072855,3450,691.5712939470823
Q de Kock,0.5828877005347594,2.732238349885409,3444,690.1260504201681
KA Pollard,1.9840621168778096,2.4327748263179405,3437,689.1667347772784
Ishan Kishan,0.680161943319838,2.8692307692307693,3418,685.0197570850203
DA Miller,1.4548467274233636,2.266155758077879,3251,651.6884009942005
YK Pathan,1.3547557840616966,2.582262210796915,3222,645.9748071979435
N Rana,0.7990492653414002,2.816551426101988,3078,617.0462402765774
WP Saha,0.9037162162162162,2.6841216216216215,2934,588.2351351351352
HH Pandya,1.7708634828750602,2.4942112879884224,2904,582.5060299083455
BB McCullum,0.6153169014084507,2.761443661971831,2882,577.7507042253521
PA Patel,0.5724815724815725,2.763308763308763,2848,570.9343161343162
GJ Maxwell,0.995253164556962,3.276107594936709,2820,565.7085443037975
RD Gaikwad,0.6450850661625709,2.4858223062381852,2795,560.2523629489604
MA Agarwal,0.6281453867660765,3.0041938490214353,2764,554.252935694315
Yuvraj Singh,1.2174898051653829,2.497734481196194,2754,552.2860897145447
V Sehwag,0.4920894708128751,3.3229678123295145,2728,547.126022913257
AD Russell,1.9366543665436655,2.8954489544895448,2655,532.9328413284132
M Vijay,0.5901268115942029,2.5824275362318843,2619,525.0690217391304
SPD Smith,1.030015007503752,2.3326663331665833,2495,500.34507253626816
SE Marsh,0.6774699424986932,2.462362780972295,2489,499.0559330893884
YBK Jaiswal,0.5278944211157769,3.0332933413317336,2481,497.62447510497907
N Pooran,1.4037735849056603,2.877044025157233,2477,497.11232704402516
JH Kallis,0.7634220864251419,2.178524661719773,2427,486.576778699258
DR Smith,0.6888519134775375,2.762895174708819,2385,478.38069883527453
SR Tendulkar,0.6340508806262231,2.264187866927593,2334,467.95929549902155
Abhishek Sharma,0.7196064652143359,3.449402670414617,2297,461.0676036542516
B Sai Sudharsan,0.5588599752168525,2.580545229244114,2294,460.0557620817844
RA Tripathi,0.7100175746924429,2.917691857059168,2291,459.6510837727007
MP Stoinis,1.5073670723894939,2.6143497757847536,2205,442.6486867392697
R Dravid,0.656934306569343,2.375391032325339,2174,436.0129301355579
D Padikkal,0.6239067055393586,2.7839650145772596,2173,435.96314868804666
KS Williamson,0.8863898500576701,2.2517301038062283,2132,427.6552479815456
AJ Finch,0.7948113207547169,2.6910377358490565,2092,419.79433962264153
AC Gilchrist,0.5633440514469453,2.9360128617363346,2069,415.1997427652733
JP Duminy,1.2904761904761906,1.8955357142857143,2029,407.07440476190476
S Dube,1.3427041499330656,2.465194109772423,2024,406.3231593038822
AR Patel,1.6977329974811084,2.59823677581864,2016,404.91838790931996
H Klaasen,1.2496012759170654,2.670255183413078,1988,399.1679425837321
MEK Hussey,0.6614077669902912,2.2575849514563107,1977,396.56759708737866
KH Pandya,1.4959349593495934,2.602642276422764,1897,381.03943089430896
PP Shaw,0.522331566994701,3.3444360333081,1892,379.94670704012117
SP Narine,0.9151103565365025,3.9397283531409166,1820,365.94193548387096
DPMD Jayawardene,0.9159001314060446,2.3751642575558476,1808,362.9164257555848
R Parag,1.2804597701149425,2.7241379310344827,1777,357.00183908045983
Tilak Varma,1.0094488188976378,2.5188976377952756,1760,353.41133858267716
P Simran Singh,0.5840630472854641,3.3248686514886163,1737,348.96357267950964
KK Nair,0.8295795795795796,2.902027027027027,1712,343.89264264264267
Mandeep Singh,1.0627644569816643,2.771861777150917,1706,342.73385049365305
MK Tiwary,1.280053727333781,2.0916722632639355,1695,340.3486903962391
KC Sangakkara,0.7148876404494382,2.6309691011235956,1687,338.7383426966293
JM Bairstow,0.5867908552074513,2.8911939034716343,1674,336.1911939034716
AK Markram,0.7958860759493671,2.672863924050633,1671,335.58750000000003
MR Marsh,0.8078859060402684,2.8917785234899327,1669,335.27986577181207
SO Hetmyer,2.0243243243243243,2.432882882882883,1566,314.9828828828829
DJ Bravo,1.7554129911788292,2.3821170809943863,1560,313.6550120288693
NV Ojha,1.2154411764705881,2.4665441176470586,1554,312.2727941176471
VR Iyer,0.7576821773485514,2.7278314310798946,1509,303.1942054433714
TM Head,0.5969827586206896,3.349676724137931,1507,302.97866379310346
DJ Hooda,1.282769991755977,2.8998351195383347,1497,301.07304204451776
SS Tiwary,1.1572424477149497,2.125484120836561,1494,300.1130906274206
RM Patidar,0.6993670886075949,3.154535864978903,1448,291.1415611814346
S Badrinath,1.1052208835341366,2.147389558232932,1441,289.50104417670684
EJG Morgan,1.3124470787468248,2.4208298052497885,1406,282.6933107535986
BJ Hodge,1.4163052905464006,2.1105810928013877,1400,281.41075455333913
RK Singh,1.7147147147147148,2.279279279279279,1389,279.3975975975976
SC Ganguly,0.755656108597285,2.166289592760181,1349,270.968778280543
CA Lynn,0.5770020533880903,2.759240246406571,1329,267.13449691991786
DJ Hussey,1.0690281562216166,2.379200726612171,1322,265.77929155313353
PD Salt,0.4959785522788204,3.5549597855227884,1258,253.22037533512068
V Shankar,1.3746192893401015,2.3578680203045685,1233,248.0929949238579
R Tewatia,2.193756727664155,2.252960172228202,1208,243.37868675995696
KM Jadhav,1.6640316205533596,2.292490118577075,1208,243.1826086956522
MM Ali,1.0543352601156069,2.970520231213873,1167,235.0099421965318
TM Dilshan,0.8357211079274116,2.212989493791786,1153,231.8194842406877
IK Pathan,1.83248730964467,2.1802030456852792,1150,231.605076142132
A Badoni,1.6034682080924856,2.438150289017341,1135,228.61664739884392
ML Hayden,0.6233611442193087,2.501787842669845,1107,222.65005959475567
JM Sharma,1.5593451568894952,3.069577080491132,1081,218.05156889495225
M Vohra,0.608342989571263,2.9687137891077637,1083,218.03082271147164
TH David,2.4027565084226645,2.504594180704441,1080,217.96294027565085
DP Conway,0.6146095717884131,2.5201511335012596,1080,217.25390428211588
LMP Simmons,0.6002277904328018,2.3120728929384966,1079,216.96492027334853
LS Livingstone,1.146206896551724,3.0806896551724137,1066,214.89075862068967
LRPL Taylor,1.1534828807556081,2.434474616292798,1017,204.83518299881936
KP Pietersen,0.6926121372031663,2.5910290237467017,1001,201.51345646437997
MC Henriques,1.1785268414481898,2.469413233458177,1000,201.45917602996255
SM Curran,1.480946123521682,2.57161629434954,997,201.0210249671485
Dhruv Jurel,1.5982008995502248,2.63568215892054,994,200.49355322338832
Y Venugopal Rao,1.3502890173410405,2.246820809248555,985,198.43884393063584
T Stubbs,1.562121212121212,2.284090909090909,982,197.93848484848485
JA Morkel,2.199438202247191,2.3588483146067416,975,196.82331460674158
A Symonds,1.1587708066581306,2.1235595390524966,974,196.11293213828426
C Green,0.951734539969834,2.7390648567119156,971,195.67631975867272
CL White,1.1873385012919897,2.4186046511627906,971,195.64237726098193
BA Stokes,0.9749303621169917,2.8934540389972145,935,188.54735376044567
Priyansh Arya,0.43070362473347545,4.11407249466951,887,179.2179104477612
HH Gibbs,0.6642771804062126,2.2114695340501793,886,178.35029868578258
STR Binny,1.6071428571428572,2.6535714285714285,880,177.7042857142857
Shashank Singh,1.7432188065099457,2.4204339963833634,847,171.06546112115734
Harbhajan Singh,2.5943396226415096,2.868710691823899,833,168.7852201257862
R Ashwin,2.0398351648351647,2.85989010989011,833,168.55989010989012
Abdul Samad,2.1346153846153846,3.0804195804195804,815,165.086013986014
Washington Sundar,1.8412698412698412,2.5484126984126982,807,163.15587301587303
A Raghuvanshi,0.7452667814113597,2.7762478485370052,803,162.00860585197938
MS Bisla,0.6621438263229308,2.548168249660787,798,160.88412483039352
Shakib Al Hasan,1.5593984962406016,2.517293233082707,795,160.63067669172932
N Wadhera,0.9365351629502573,2.921097770154374,784,158.34305317324186
M Shahrukh Khan,1.8457350272232305,2.7295825771324864,775,156.8301270417423
RD Rickelton,0.5368421052631579,3.268421052631579,770,155.5221052631579
ST Jayasuriya,0.5130890052356021,3.019197207678883,768,155.01291448516582
SN Khan,1.4676258992805755,2.897482014388489,746,150.94604316546764
GC Smith,0.6743849493487699,2.3523878437047756,739,149.01070911722144
AD Mathews,1.8447412353923205,2.184474123539232,724,146.41168614357264
Nithish Kumar Reddy,1.0402298850574712,2.7624521072796937,709,143.32107279693489
Abishek Porel,0.6680161943319838,3.348178137651822,696,140.80647773279355
Naman Dhir,1.486046511627907,3.0186046511627906,695,140.80186046511628
V Suryavanshi,0.4440993788819876,4.399068322981367,692,140.33726708074533
TL Suman,1.0562180579216354,2.4770017035775127,676,136.61328790459967
AM Nayar,1.4948979591836735,2.625,672,136.04795918367347
GJ Bailey,1.4764492753623188,2.3768115942028984,663,134.1413043478261
E Lewis,0.6492985971943888,2.843687374749499,654,132.19719438877758
PJ Cummins,2.5230414746543777,2.9700460829493087,641,130.3972350230415
PP Chawla,2.5879310344827586,2.7767241379310343,624,126.94586206896552
Rashid Khan,3.0047732696897373,3.4021479713603817,620,126.56276849642005
CH Morris,2.6779661016949152,2.6610169491525424,618,125.735593220339
JJ Roy,0.6021739130434782,2.733695652173913,614,124.13434782608697
JD Ryder,0.6909871244635193,3.1545064377682404,604,122.33819742489271
Shahbaz Ahmed,1.746124031007752,2.3333333333333335,603,122.23178294573644
HM Amla,0.7607655502392344,2.4677033492822966,577,116.69138755980862
CJ Anderson,1.2706422018348624,2.477064220183486,538,109.09908256880735
Ashutosh Sharma,2.3569321533923304,2.6327433628318584,528,107.59587020648968
WG Jacks,0.5587392550143266,3.359598853868195,530,107.567335243553
RS Bopara,1.0876068376068375,2.173076923076923,531,107.50427350427351
JP Faulkner,2.6083743842364533,2.3669950738916254,527,107.39014778325124
D Brevis,0.7606382978723404,3.1263297872340425,529,107.35478723404256
MK Lomror,1.6066838046272494,3.1568123393316196,527,107.30539845758355
M Manhas,1.6296296296296295,2.006172839506173,514,104.25432098765434
Gurkeerat Singh,1.6123853211009174,2.5,511,103.84495412844036
OA Shah,1.6888888888888889,1.8320987654320988,506,102.6083950617284
PC Valthaty,0.7384259259259259,2.6574074074074074,505,102.35833333333333
SW Billings,0.9874686716791979,3.026315789473684,503,102.20551378446116
SE Rutherford,1.8814016172506738,2.5633423180592994,500,101.77789757412398
R Powell,1.887955182072829,2.7787114845938374,486,99.06666666666666
RR Rossouw,0.8753894080996885,3.4080996884735204,473,96.31339563862929
DT Christian,2.1348039215686274,2.3394607843137254,460,93.78970588235295
A Mhatre,0.532,3.58,441,89.8448
NLTC Perera,2.205521472392638,2.688650306748466,424,86.75766871165645
Sameer Rizvi,1.0953947368421053,2.695723684210526,424,86.31644736842107
SA Asnodkar,0.5028409090909091,2.9005681818181817,423,85.96136363636364
JR Hopes,0.8980891719745223,2.8964968152866244,417,84.91783439490446
C Connolly,0.8223938223938224,2.7644787644787643,415,84.43474903474903
R Ravindra,0.5067114093959731,3.1677852348993287,413,84.06979865771812
J Botha,1.4807692307692308,2.456043956043956,409,83.3747252747253
LR Shukla,1.958100558659218,2.7430167597765363,405,82.88044692737431
AL Menaria,1.1743869209809263,2.550408719346049,401,81.6899182561308
MV Boucher,1.8396226415094339,2.1179245283018866,394,80.38301886792453
Azhar Mahmood,1.3729903536977492,2.712218649517685,388,79.23408360128619
CA Pujara,0.8511166253101737,2.142679900744417,390,79.19751861042184
J Fraser-McGurk,0.5221674876847291,4.307881773399015,385,78.9320197044335
A Mishra,2.3227272727272728,1.8988636363636364,381,77.88863636363637
KR Mayers,0.5253623188405797,2.9746376811594204,379,77.2
JP Inglis,0.6990740740740741,3.650462962962963,376,76.93981481481482
DB Ravi Teja,1.6092307692307692,2.4646153846153847,375,76.62953846153846
P Negi,2.4219269102990033,2.7674418604651163,365,75.07574750830565
S Sohal,0.6205787781350482,2.9115755627009645,368,75.01286173633441
Rahmanullah Gurbaz,0.5724381625441696,3.139575971731449,363,74.08480565371026
B Kumar,3.2066326530612246,2.110969387755102,354,72.92704081632652
KV Sharma,2.3680781758957656,2.5716612377850163,352,72.37589576547232
DJ Mitchell,0.7992700729927007,2.708029197080292,351,71.6029197080292
R Bhatia,2.3655172413793104,3.086206896551724,342,70.58068965517242
P Kumar,3.136222910216718,2.6424148606811144,340,70.31145510835913
SN Thakur,2.4431818181818183,3.356060606060606,339,70.11969696969696
AP Tare,0.8771929824561403,3.450877192982456,339,69.53122807017543
RN ten Doeschate,2.23109243697479,2.7247899159663866,326,67.18235294117648
JEC Franklin,1.103559870550162,1.9255663430420713,327,66.6116504854369
JO Holder,2.553030303030303,2.797348484848485,317,65.54015151515152
Anuj Rawat,1.4057971014492754,2.2934782608695654,318,65.07971014492753
Aniket Verma,1.6195121951219513,3.324390243902439,315,64.97756097560976
R Vinay Kumar,2.9930795847750864,2.36159169550173,310,64.14186851211073
C de Grandhomme,2.0,2.6222707423580784,303,62.44890829694323
Lalit Yadav,1.3056478405315615,2.1129568106312293,305,62.367441860465114
DB Das,1.6142322097378277,2.0243445692883895,304,62.255430711610494
LA Pomersbach,1.0637450199203187,2.3685258964143427,302,61.77290836653387
Ramandeep Singh,1.778301886792453,3.1132075471698113,299,61.756603773584914
UBT Chand,0.7802547770700637,2.6353503184713376,300,61.36624203821656
DJG Sammy,1.6812749003984064,2.4163346613545817,295,60.6390438247012
A Manohar,1.7489711934156378,2.882716049382716,292,60.25267489711935
SP Goswami,0.7752442996742671,2.6726384364820848,293,59.97915309446254
JC Archer,2.8398058252427183,3.174757281553398,281,58.60582524271845
Y Nagar,1.9409594095940959,1.9907749077490775,285,58.57269372693727
HV Patel,2.676,3.342,280,58.4072
A Ashish Reddy,2.704081632653061,2.704081632653061,280,58.16326530612245
GH Vihari,1.1570996978851964,2.219033232628399,284,58.150453172205445
VVS Laxman,0.6014760147601476,2.736162361623616,282,57.73505535055351
B Chipli,1.17578125,2.615234375,280,57.51640625
P Nissanka,0.4666666666666667,3.4722222222222223,278,57.175555555555555
MJ Lumb,0.5202020202020202,3.1085858585858586,278,57.051515151515154
PBB Rajapaksa,0.5572139303482587,3.281094527363184,277,56.93532338308458
PK Garg,0.9878542510121457,3.0870445344129553,273,56.22995951417004
R Shepherd,2.484472049689441,3.1180124223602483,268,55.84099378881988
R Sathish,2.0211864406779663,2.4004237288135593,270,55.76864406779661
MJ Guptill,0.5634517766497462,3.3045685279187818,271,55.74720812182741
Atharva Taide,0.40425531914893614,3.0691489361702127,260,53.38936170212766
M Kaif,1.058139534883721,2.5271317829457365,259,53.23410852713179
K Gowtham,2.358490566037736,3.981132075471698,247,51.93584905660378
K Rabada,2.554655870445344,2.1639676113360324,250,51.887449392712554
Harpreet Brar,2.710280373831776,1.8738317757009346,244,50.63364485981309
D Ferreira,1.8053691275167785,3.0436241610738257,242,50.33959731543625
BCJ Cutting,3.0753424657534247,2.791095890410959,238,49.946575342465756
SM Katich,0.7382198952879581,2.832460732984293,241,49.6282722513089
MD Mishra,0.8450704225352113,3.007042253521127,237,48.94084507042254
FH Allen,0.49557522123893805,4.548672566371682,228,47.617699115044246
Mohammad Nabi,2.286624203821656,3.6751592356687897,221,46.584713375796184
K Goel,0.9832635983263598,2.3410041841004183,218,44.92970711297071
AA Jhunjhunwala,1.2522935779816513,2.4724770642201834,217,44.88990825688074
SB Dubey,2.18796992481203,2.9661654135338344,210,44.061654135338344
UT Yadav,3.4549763033175354,2.2393364928909953,208,43.87772511848341
R Dhawan,2.6595744680851063,1.675531914893617,210,43.734042553191486
Kuldeep Yadav,3.0342205323193916,1.1064638783269962,210,43.65627376425856
CA Ingram,1.2295081967213115,2.7049180327868854,205,42.57377049180328
JD Unadkat,3.0346820809248554,2.2485549132947975,201,42.31329479768787
PD Collingwood,1.2389937106918238,1.9245283018867925,203,41.86540880503145
SK Warne,2.442922374429224,2.3036529680365296,198,41.4986301369863
KS Bharat,0.7738095238095238,2.431547619047619,199,41.08214285714286
AS Raut,2.372093023255814,2.104651162790698,194,40.59069767441861
SP Fleming,0.5380116959064327,2.7660818713450293,196,40.52163742690059
BJ Rohrer,1.1643835616438356,2.5993150684931505,193,40.105479452054794
M Jansen,2.8491620111731844,2.2625698324022347,190,40.04469273743017
Salman Butt,0.5930232558139535,2.4040697674418605,193,39.79883720930233
YV Takawale,0.7868852459016393,2.273224043715847,192,39.624043715847
HC Brook,1.0251572327044025,2.6949685534591197,190,39.48805031446541
Bipul Sharma,3.0080645161290325,1.967741935483871,187,39.39032258064516
CR Brathwaite,2.7,3.8291666666666666,181,38.81166666666667
SD Hope,0.728,3.432,183,38.264
MS Wade,0.572972972972973,2.954054054054054,183,38.01081081081081
FY Fazal,1.0,2.2905027932960893,183,37.91620111731844
Sikandar Raza,1.2447552447552448,2.5104895104895104,182,37.9020979020979
S Gopal,2.398843930635838,2.239884393063584,180,37.85549132947977
Urvil Patel,0.4878048780487805,5.146341463414634,178,37.85365853658537
AC Voges,1.5244755244755244,2.1853146853146854,181,37.68391608391609
MF Maharoof,2.661290322580645,2.8266129032258065,177,37.59516129032258
AB Agarkar,2.24375,1.80625,179,37.42
C Munro,0.6875,3.0625,177,36.9
DW Steyn,3.5092024539877302,3.1564417177914113,167,36.06625766871166
Kartik Sharma,1.3146853146853146,2.2062937062937062,173,36.00839160839161
DH Yagnik,2.112676056338028,2.323943661971831,170,35.774647887323944
MG Johnson,3.2023809523809526,1.9732142857142858,167,35.470238095238095
CM Gautam,1.3860759493670887,2.3354430379746836,169,35.288607594936714
MN van Wyk,1.2740740740740741,1.7740740740740741,167,34.61925925925926
PA Reddy,0.5988023952095808,2.6706586826347305,164,34.10778443113773
N Jagadeesan,0.8387096774193549,2.6,162,33.77548387096774
MN Samuels,0.8620689655172413,2.6810344827586206,161,33.61724137931035
RE van der Merwe,1.5694444444444444,2.954861111111111,159,33.609722222222224
V Nigam,2.0434782608695654,3.1684782608695654,157,33.48478260869565
R McLaren,1.4831460674157304,1.7219101123595506,159,33.082022471910115
MD Choudhary,2.4128440366972477,2.0871559633027523,156,33.0
J Overton,2.3979591836734695,2.3877551020408165,151,32.114285714285714
JG Bethell,0.49557522123893805,3.5398230088495577,152,32.0141592920354
MW Short,0.5434782608695652,2.8405797101449277,153,31.9536231884058
D Wiese,2.6666666666666665,2.2095238095238097,148,31.550476190476193
SM Pollock,1.6206896551724137,2.814655172413793,147,31.174137931034483
AD Hales,0.48739495798319327,2.8823529411764706,148,30.947899159663866
Sachin Baby,2.097560975609756,2.7398373983739837,144,30.734959349593495
S Vidyut,0.6347826086956522,3.3130434782608695,145,30.57913043478261
N Saini,0.7622377622377622,3.0104895104895104,140,29.509090909090908
Anmolpreet Singh,0.6068376068376068,3.4017094017094016,139,29.403418803418806
S Anirudha,1.859504132231405,2.409090909090909,136,28.90743801652893
MJ Santner,2.128787878787879,1.996212121212121,136,28.85
GD Phillips,1.9107142857142858,3.267857142857143,132,28.471428571428575
RD Chahar,3.4015748031496065,2.97244094488189,129,28.3496062992126
M Morkel,3.2580645161290325,3.360215053763441,126,27.847311827956993
SB Styris,1.0895522388059702,2.2276119402985075,131,27.526865671641794
Kamran Akmal,1.1538461538461537,3.1666666666666665,128,27.32820512820513
Arshad Khan,2.4895833333333335,2.3020833333333335,127,27.31666666666667
MM Sharma,2.642857142857143,3.0535714285714284,125,27.27857142857143
W Jaffer,0.5348837209302325,2.60077519379845,130,27.254263565891474
P Dogra,1.950354609929078,2.50354609929078,127,27.181560283687947
B Lee,3.2745098039215685,2.6372549019607843,124,27.16470588235294
TK Curran,1.7962962962962963,2.0231481481481484,127,26.92777777777778
DL Chahar,2.204301075268817,3.0483870967741935,124,26.901075268817205
SS Prabhudessai,1.168141592920354,3.079646017699115,126,26.89911504424779
UT Khawaja,0.4380952380952381,2.7857142857142856,127,26.689523809523813
BB Samantray,1.25,2.0689655172413794,125,26.32758620689655
AB McDonald,2.378640776699029,1.8155339805825244,123,26.277669902912624
TG Southee,2.8703703703703702,2.7777777777777777,120,26.25925925925926
MC Juneja,0.7985074626865671,2.3059701492537314,125,26.241791044776118
Harpreet Singh,1.4453781512605042,2.088235294117647,123,26.01344537815126
KK Cooper,2.5142857142857142,4.442857142857143,116,25.982857142857146
Mohammed Shami,3.3448275862068964,3.9094827586206895,115,25.901724137931033
DL Vettori,1.9576271186440677,2.042372881355932,121,25.800000000000004
AC Blizzard,0.6483516483516484,3.576923076923077,120,25.69010989010989
RJ Harris,2.9464285714285716,2.7723214285714284,117,25.687500000000004
Misbah-ul-Haq,1.2926829268292683,4.237804878048781,117,25.61219512195122
Z Khan,3.0354609929078014,2.3865248226950353,117,25.568794326241136
NK Patel,1.0725806451612903,1.935483870967742,121,25.403225806451616
Aman Hakim Khan,1.81651376146789,2.738532110091743,115,24.822018348623853
Suryansh Shedge,1.4411764705882353,3.610294117647059,113,24.620588235294118
S Arora,2.391891891891892,3.418918918918919,111,24.524324324324326
Mohammed Siraj,3.6564885496183206,1.5534351145038168,112,24.48396946564886
DJM Short,0.5686274509803921,3.122549019607843,115,24.476470588235294
M Kartik,2.5137614678899083,1.9036697247706422,113,24.366972477064223
MA Starc,2.7049180327868854,2.2663934426229506,111,24.188524590163937
LJ Wright,2.238095238095238,2.992063492063492,106,23.292063492063495
DJ Harris,0.5242718446601942,2.0825242718446604,111,23.242718446601945
JDP Oram,1.9545454545454546,2.286363636363636,106,22.89636363636364
DS Kulkarni,3.274336283185841,1.7345132743362832,104,22.80353982300885
MS Gony,2.986842105263158,3.4210526315789473,99,22.363157894736844
RJ Quiney,0.6857142857142857,2.795238095238095,103,21.992380952380955
Azmatullah Omarzai,1.3376623376623376,3.857142857142857,99,21.87792207792208
SD Chitnis,1.7608695652173914,2.635869565217391,99,21.558695652173913
MJ Clarke,0.5208333333333334,2.8333333333333335,98,20.94166666666667
TA Boult,3.2666666666666666,2.4166666666666665,93,20.873333333333335
CJ Ferguson,1.1680672268907564,1.911764705882353,98,20.831932773109244
PN Mankad,0.8933333333333333,2.493333333333333,97,20.75466666666667
AJ Tye,2.9367088607594938,2.7911392405063293,91,20.491139240506328
JDS Neesham,2.10752688172043,2.5806451612903225,92,20.275268817204303
PR Shah,1.309278350515464,2.829896907216495,92,20.055670103092787
PHKD Mendis,1.4722222222222223,2.5694444444444446,92,20.01666666666667
SL Malinga,3.621359223300971,2.383495145631068,88,20.00194174757282
Himmat Singh,2.0405405405405403,1.8581081081081081,92,19.959459459459463
S Rana,2.317073170731707,2.0304878048780486,91,19.9390243902439
AD Nath,1.404040404040404,3.186868686868687,90,19.836363636363636
MJ McClenaghan,2.904109589041096,4.061643835616438,85,19.786301369863015
DJ Jacobs,0.6633663366336634,2.767326732673267,92,19.772277227722775
Ankit Sharma,2.1159420289855073,3.369565217391304,87,19.594202898550726
RT Ponting,0.6124031007751938,2.302325581395349,91,19.365891472868217
Shahid Afridi,1.4130434782608696,6.282608695652174,81,19.278260869565216
NM Coulter-Nile,3.0933333333333333,3.4266666666666667,82,19.008000000000003
PWH de Silva,2.568421052631579,4.205263157894737,81,18.909473684210525
Iqbal Abdulla,2.4767441860465116,0.5872093023255814,88,18.825581395348838
AP Majumdar,0.5454545454545454,2.720779220779221,87,18.70649350649351
CJ Jordan,3.382716049382716,2.5864197530864197,81,18.587654320987653
WPUJC Vaas,2.671232876712329,2.7260273972602738,81,18.35890410958904
RE Levi,0.6486486486486487,3.385135135135135,83,18.213513513513515
AD Mascarenhas,2.151898734177215,3.588607594936709,79,18.09620253164557
B Akhil,2.526315789473684,3.807017543859649,76,17.733333333333334
RV Patel,2.1973684210526314,2.125,80,17.728947368421053
LA Carseldine,1.0,2.267605633802817,81,17.507042253521128
CR Woakes,2.74025974025974,1.7727272727272727,78,17.405194805194807
JJ Bumrah,3.3820224719101124,2.101123595505618,75,17.193258426966292
TR Birt,2.457627118644068,2.7966101694915255,75,17.10169491525424
KA Jamieson,2.0945945945945947,1.864864864864865,77,16.983783783783785
JR Philippe,0.6,2.4125,78,16.805
LH Ferguson,3.3877551020408165,2.5510204081632653,72,16.775510204081634
IR Jaggi,1.01,1.885,76,16.358
R Sharma,3.7662337662337664,2.9740259740259742,66,15.896103896103897
Avesh Khan,3.260869565217391,2.217391304347826,68,15.791304347826088
M Klinger,0.5256410256410257,2.423076923076923,73,15.77948717948718
J Suchith,2.0806451612903225,2.2661290322580645,70,15.738709677419354
SK Rasheed,0.6417910447761194,3.1343283582089554,71,15.71044776119403
RR Sarwan,0.46153846153846156,2.1346153846153846,73,15.63846153846154
AS Roy,2.30188679245283,3.990566037735849,65,15.516981132075472
WD Parnell,2.8255813953488373,2.627906976744186,65,15.18139534883721
AA Bilakhia,1.6818181818181819,1.7556818181818181,69,15.175
RR Powar,3.3125,1.0859375,67,15.159375
Vivrant Sharma,0.32653061224489793,2.4591836734693877,69,14.914285714285715
C Bosch,3.048780487804878,2.0,63,14.619512195121953
PR Veer,1.653061224489796,1.7040816326530612,66,14.542857142857144
HR Shokeen,1.373134328358209,1.9104477611940298,66,14.513432835820897
Mohammad Hafeez,1.0595238095238095,2.994047619047619,64,14.421428571428573
SP Jackson,2.1403508771929824,3.1666666666666665,61,14.32280701754386
Harshit Rana,2.5964912280701755,3.324561403508772,59,14.16842105263158
Anirudh Singh,1.173913043478261,2.2318840579710146,63,13.962318840579712
Sandeep Sharma,2.911392405063291,1.2658227848101267,60,13.670886075949367
A Flintoff,1.3157894736842106,1.8508771929824561,62,13.666666666666668
I Sharma,3.0985915492957745,2.119718309859155,57,13.487323943661973
S Aravind,2.847457627118644,1.347457627118644,59,13.477966101694916
RP Singh,3.58974358974359,4.012820512820513,52,13.441025641025641
TU Deshpande,3.3947368421052633,3.0657894736842106,54,13.38421052631579
Vishnu Vinod,1.206896551724138,3.4310344827586206,56,13.055172413793105
Shivam Mavi,3.5,3.4482758620689653,51,12.979310344827589
MG Bracewell,1.183673469387755,2.204081632653061,58,12.955102040816328
AS Yadav,2.975,4.725,49,12.88
A Kamboj,3.297872340425532,1.1702127659574468,55,12.787234042553191
M Rawat,2.5428571428571427,1.6928571428571428,55,12.694285714285714
WA Mota,1.5921052631578947,1.9539473684210527,56,12.61842105263158
PVD Chameera,3.4081632653061225,1.4489795918367347,53,12.542857142857144
RV Gomez,3.2264150943396226,3.1037735849056602,50,12.532075471698114
Swapnil Singh,1.934782608695652,3.4130434782608696,51,12.33913043478261
R Rampaul,2.6923076923076925,2.5288461538461537,51,12.28846153846154
A Nortje,3.673076923076923,2.4615384615384617,49,12.253846153846155
KB Arun Karthik,2.207547169811321,2.69811320754717,51,12.162264150943397
Shoaib Malik,0.8571428571428571,3.204081632653061,52,12.024489795918367
OF Smith,2.98,1.54,51,12.008000000000001
DR Sams,2.5,5.333333333333333,44,11.933333333333334
D Pretorius,3.642857142857143,4.107142857142857,44,11.9
DJ Willey,1.625,1.6015625,53,11.890625000000002
A Chopra,0.7466666666666667,2.3533333333333335,53,11.840000000000002
SB Bangar,1.8275862068965518,2.939655172413793,49,11.706896551724139
VR Aaron,3.643835616438356,0.5753424657534246,50,11.687671232876712
M Markande,3.3863636363636362,1.6477272727272727,48,11.613636363636365
Ravi Bishnoi,3.1549295774647885,3.2464788732394365,45,11.56056338028169
Umar Gul,3.6315789473684212,5.2105263157894735,39,11.336842105263159
AG Paunikar,0.7377049180327869,2.8852459016393444,49,11.249180327868853
C Nanda,6.0,22.0,0,11.200000000000001
Sunny Gupta,6.0,22.0,0,11.200000000000001
RR Bhatkal,6.0,22.0,0,11.200000000000001
S Kaushik,6.0,22.0,0,11.200000000000001
S Lamichhane,6.0,22.0,0,11.200000000000001
V Pratap Singh,6.0,22.0,0,11.200000000000001
TL Seifert,1.0909090909090908,4.3977272727272725,45,11.195454545454545
AUK Pathan,2.1923076923076925,5.961538461538462,39,11.061538461538461
Sunny Singh,1.4838709677419355,4.564516129032258,43,11.019354838709678
Rasikh Salam,2.604651162790698,3.104651162790698,43,10.883720930232558
SK Trivedi,3.7704918032786887,2.4262295081967213,42,10.878688524590164
T Kohler-Cadmore,0.7037037037037037,2.3703703703703702,48,10.82962962962963
Yashpal Singh,1.2537313432835822,1.9179104477611941,47,10.66865671641791
A Nehra,3.746031746031746,2.2777777777777777,41,10.609523809523811
JL Denly,3.0,23.5,0,10.600000000000001
S Nadeem,3.2386363636363638,3.590909090909091,39,10.531818181818183
MM Patel,3.4390243902439024,2.7560975609756095,39,10.278048780487806
MD Shanaka,1.8157894736842106,2.723684210526316,42,10.215789473684211
S Narwal,2.586206896551724,4.068965517241379,37,10.062068965517241
A Mithun,2.3461538461538463,5.596153846153846,34,9.976923076923079
Joginder Sharma,3.4,3.433333333333333,36,9.933333333333334
LPC Silva,1.5185185185185186,3.314814814814815,40,9.933333333333334
L Balaji,3.54,2.81,36,9.74
J Yadav,2.710526315789474,1.5394736842105263,40,9.7
M Ashwin,3.08,3.51,35,9.636
AB Barath,0.9069767441860465,2.1744186046511627,42,9.632558139534884
BR Dunk,0.6388888888888888,3.4305555555555554,40,9.627777777777778
GF Linde,3.7142857142857144,3.9285714285714284,31,9.257142857142856
Sohail Tanvir,1.7419354838709677,3.2903225806451615,36,9.212903225806452
N Sindhu,0.56,3.94,37,9.200000000000001
AP Dole,3.1739130434782608,2.8043478260869565,34,9.191304347826087
G Coetzee,3.0303030303030303,4.4393939393939394,31,9.187878787878788
Anureet Singh,2.978723404255319,1.7872340425531914,36,9.106382978723405
AN Ahmed,3.4074074074074074,1.2222222222222223,36,9.051851851851852
RA Bawa,2.28125,2.84375,35,9.05
KW Richardson,2.2051282051282053,2.2051282051282053,36,8.964102564102564
YS Chahal,2.943820224719101,0.8370786516853933,37,8.9123595505618
DJ Thornely,0.5925925925925926,2.175925925925926,39,8.907407407407408
Akash Deep,3.357142857142857,6.357142857142857,25,8.885714285714286
Imran Tahir,3.27027027027027,2.4054054054054053,33,8.870270270270272
Noor Ahmad,3.3703703703703702,3.7777777777777777,30,8.85925925925926
Arshdeep Singh,3.673469387755102,2.204081632653061,32,8.751020408163265
Navdeep Saini,2.736842105263158,2.5657894736842106,33,8.721052631578948
Shivang Kumar,3.1739130434782608,5.543478260869565,26,8.68695652173913
Kartik Tyagi,3.68,5.6,24,8.512
A Kumble,3.183673469387755,0.5,35,8.473469387755102
SB Wagh,5.0,15.166666666666666,2,8.466666666666667
S Sreesanth,3.736842105263158,0.34210526315789475,34,8.431578947368422
AT Carey,3.3448275862068964,1.706896551724138,32,8.420689655172414
RJ Peterson,2.21875,2.734375,32,8.381250000000001
Yudhvir Singh,3.25,6.6875,22,8.375
T Taibu,1.5,3.923076923076923,31,8.36923076923077
D Salunkhe,2.5416666666666665,1.8333333333333333,33,8.350000000000001
L Ronchi,0.7837837837837838,3.0135135135135136,34,8.31891891891892
B Sumanth,2.473684210526316,0.8026315789473685,35,8.310526315789474
Basil Thampi,3.027027027027027,1.135135135135135,32,8.064864864864866
Auqib Nabi,3.0,10.0,14,8.0
AB Dinda,3.36,3.6,26,7.984
PJ Sangwan,3.1914893617021276,3.4893617021276597,26,7.872340425531915
NL McCullum,2.869565217391304,3.5217391304347827,26,7.756521739130435
NS Naik,1.9056603773584906,1.8113207547169812,31,7.686792452830189
Akshat Raghuwanshi,0.4444444444444444,4.166666666666667,29,7.644444444444446
J Syed Mohammad,2.2962962962962963,2.314814814814815,29,7.644444444444446
ER Dwivedi,2.4,4.533333333333333,24,7.573333333333334
SB Jakati,3.5,1.3166666666666667,28,7.526666666666667
Mohsin Khan,3.4838709677419355,2.693548387096774,25,7.470967741935484
A Choudhary,3.4,2.675,25,7.43
KC Cariappa,2.5238095238095237,4.023809523809524,24,7.419047619047619
AJ Turner,2.5806451612903225,3.903225806451613,24,7.393548387096775
VH Zol,0.6538461538461539,3.269230769230769,29,7.36923076923077
I Udana,3.909090909090909,6.909090909090909,15,7.327272727272727
S Sriram,0.5,2.289473684210526,31,7.315789473684211
AS Rajpoot,3.4634146341463414,1.6585365853658536,26,7.248780487804878
AF Milne,2.870967741935484,3.7096774193548385,23,7.232258064516129
M Muralitharan,3.9,4.05,20,7.18
Sanvir Singh,2.5454545454545454,2.7045454545454546,25,7.1
KK Ahmed,4.888888888888889,11.777777777777779,2,7.066666666666667
JM Kemp,1.64,2.74,26,6.952
Harmeet Singh,3.75,4.541666666666667,18,6.916666666666667
Kumar Kushagra,1.0476190476190477,5.738095238095238,21,6.914285714285715
R Sai Kishore,3.8125,4.46875,18,6.9125
VS Yeligati,4.5,11.75,2,6.9
SA Abbott,3.2222222222222223,3.0,22,6.888888888888889
MA Khote,2.5454545454545454,2.6363636363636362,24,6.872727272727273
AS Joseph,3.25,0.421875,27,6.86875
Saurav Chauhan,3.375,4.6875,18,6.825
SW Tait,2.6153846153846154,2.9038461538461537,23,6.807692307692308
Umran Malik,3.5625,1.9375,23,6.800000000000001
CV Varun,3.4901960784313726,0.49019607843137253,26,6.792156862745099
AA Kulkarni,0.75,3.1875,26,6.775
C Sakariya,3.5483870967741935,3.225806451612903,20,6.709677419354839
M Tiwari,2.9166666666666665,3.25,21,6.666666666666667
J Arunkumar,0.8333333333333334,4.145833333333333,23,6.591666666666667
GB Hogg,3.409090909090909,2.0681818181818183,22,6.590909090909092
AU Rashid,1.1764705882352942,4.294117647058823,22,6.588235294117648
S Chanderpaul,0.7272727272727273,3.0454545454545454,25,6.50909090909091
R Bishnoi,1.3529411764705883,5.411764705882353,19,6.5058823529411764
KL Nagarkoti,2.5588235294117645,2.6323529411764706,22,6.476470588235294
AC Thomas,3.6315789473684212,2.3947368421052633,20,6.410526315789474
PP Ojha,3.8666666666666667,4.155555555555556,16,6.40888888888889
KA Maharaj,4.5,11.0,1,6.4
M de Lange,4.5,11.0,1,6.4
MJ Suthar,4.5,11.0,1,6.4
NT Ellis,3.0,3.4423076923076925,19,6.376923076923077
BMAJ Mendis,0.5185185185185185,3.7962962962962963,23,6.325925925925927
KMA Paul,3.8076923076923075,2.980769230769231,18,6.315384615384616
XC Bartlett,1.5714285714285714,3.1666666666666665,22,6.295238095238096
SU Parakh,1.0,8.1875,13,6.275
DJ Malan,0.4230769230769231,2.25,26,6.269230769230769
NJ Maddinson,1.0,4.5,20,6.2
Shivam Sharma,4.0,8.833333333333334,5,6.133333333333334
BKG Mendis,0.5454545454545454,4.7272727272727275,20,6.109090909090909
HE van der Dussen,1.72,2.46,22,6.072000000000001
IC Pandey,5.0,10.0,0,6.0
SS Cottrell,5.0,10.0,0,6.0
R Sanjay Yadav,5.0,10.0,0,6.0
JJ van der Wath,2.764705882352941,3.1470588235294117,18,5.964705882352941
Sediqullah Atal,0.4375,3.40625,22,5.9375
S Kaul,3.8055555555555554,1.0138888888888888,20,5.927777777777777
RR Raje,3.4444444444444446,1.3333333333333333,20,5.911111111111111
MA Wood,3.8,4.9,12,5.880000000000001
DE Bollinger,3.4782608695652173,0.717391304347826,21,5.878260869565217
R Shukla,3.4782608695652173,1.673913043478261,19,5.860869565217392
Harsh Dubey,3.6363636363636362,4.5,13,5.854545454545455
SE Bond,1.5,12.5,1,5.8
A Zampa,2.2,4.8,15,5.8
P Dubey,2.090909090909091,0.7575757575757576,23,5.73939393939394
VRV Singh,4.0,8.333333333333334,4,5.733333333333333
B Indrajith,0.7419354838709677,3.064516129032258,21,5.72258064516129
Gulbadin Naib,2.4,2.3666666666666667,19,5.706666666666667
Tanush Kotian,0.59375,1.609375,24,5.68125
F Behardien,3.4615384615384617,3.730769230769231,14,5.676923076923078
CRD Fernando,3.6666666666666665,8.5,4,5.666666666666667
Vijaykumar Vyshak,3.588235294117647,2.5588235294117645,16,5.658823529411765
BJ Haddin,0.6363636363636364,4.409090909090909,18,5.618181818181818
Parvez Rasool,3.5,2.025,17,5.61
Mujeeb Ur Rahman,3.2666666666666666,4.566666666666666,12,5.533333333333333
CK Kapugedera,3.1666666666666665,2.5416666666666665,16,5.483333333333333
KJ Abbott,3.25,3.9375,13,5.475
S Badree,2.8,4.38,13,5.4719999999999995
TS Mills,3.2142857142857144,6.392857142857143,8,5.442857142857143
KM Asif,2.0,11.5,0,5.4
MJ Owen,2.0,11.5,0,5.4
LG Pretorius,2.0,11.5,0,5.4
Naveen-ul-Haq,3.0,1.4615384615384615,18,5.384615384615385
DS Lehmann,0.631578947368421,3.736842105263158,18,5.347368421052632
P Sahu,3.3076923076923075,0.5384615384615384,19,5.338461538461539
A Singh,3.9,8.35,2,5.300000000000001
A Mukund,0.6521739130434783,3.0869565217391304,19,5.2956521739130435
Arjun Tendulkar,3.4444444444444446,3.2222222222222223,13,5.2666666666666675
Yash Dayal,4.0,7.0,4,5.2
DR Martyn,0.9230769230769231,2.5576923076923075,19,5.1923076923076925
Sumit Kumar,1.9615384615384615,1.9807692307692308,18,5.176923076923077
JL Pattinson,3.4615384615384617,1.9230769230769231,15,5.153846153846154
MDKJ Perera,0.8461538461538461,5.038461538461538,14,5.153846153846154
JA Richardson,1.2592592592592593,3.0925925925925926,17,5.140740740740741
T Banton,0.6818181818181818,3.159090909090909,18,5.136363636363637
M Theekshana,2.7058823529411766,1.6029411764705883,17,5.123529411764706
Y Gnaneswara Rao,0.5555555555555556,2.6944444444444446,19,5.1000000000000005
K Kartikeya,3.0555555555555554,3.638888888888889,12,5.077777777777778
AJ Hosein,3.230769230769231,0.46153846153846156,18,5.076923076923077
BAW Mendis,4.166666666666667,7.0,3,5.066666666666666
YV Dhull,0.6956521739130435,3.9565217391304346,16,5.060869565217391
Simarjeet Singh,3.2666666666666666,4.366666666666666,10,5.053333333333333
Arshad Khan (2),4.0,6.125,5,5.050000000000001
JR Hazlewood,2.4838709677419355,0.4838709677419355,19,4.987096774193549
KS Sharma,0.72,3.6,16,4.928000000000001
DV Malewar,1.4,9.9,2,4.920000000000001
CK Langeveldt,2.7777777777777777,5.5,8,4.911111111111111
Ankit Soni,4.0,4.722222222222222,7,4.888888888888889
DG Nalkande,1.0,5.166666666666667,12,4.866666666666667
FA Allen,2.736842105263158,2.3684210526315788,14,4.842105263157896
JPR Scantlebury-Searles,3.8333333333333335,4.25,8,4.833333333333334
P Ray Barman,0.64,1.82,19,4.784000000000001
Mohammad Asif,2.6666666666666665,7.75,3,4.7666666666666675
J Theron,3.6923076923076925,3.1538461538461537,10,4.7384615384615385
PV Tambe,2.923076923076923,-0.1282051282051282,18,4.717948717948718
AN Ghosh,1.125,7.0,7,4.65
Virat Singh,0.7307692307692307,3.3846153846153846,15,4.6461538461538465
DNT Zoysa,3.0,3.111111111111111,11,4.644444444444445
SD Lad,0.7692307692307693,3.269230769230769,15,4.615384615384615
BE Hendricks,4.333333333333333,6.666666666666667,1,4.6000000000000005
LE Plunkett,4.333333333333333,6.666666666666667,1,4.6000000000000005
DJ Muthuswami,4.333333333333333,6.666666666666667,1,4.6000000000000005
VY Mahesh,2.75,1.2142857142857142,15,4.585714285714285
T Thushara,3.6842105263157894,1.736842105263158,12,4.56842105263158
R Minz,1.45,3.925,12,4.550000000000001
AA Chavan,2.8181818181818183,2.5,12,4.527272727272727
Mustafizur Rahman,3.8333333333333335,0.9791666666666666,13,4.525
GC Viljoen,4.0,5.785714285714286,3,4.514285714285714
Jaskaran Singh,3.272727272727273,4.0,8,4.50909090909091
MP Breetzke,0.6666666666666666,3.5,14,4.466666666666667
GR Napier,1.3125,2.3125,15,4.45
T Kohli,2.0,3.575,11,4.430000000000001
KAJ Roach,2.888888888888889,3.0,10,4.355555555555556
Shoaib Ahmed,3.5,6.833333333333333,1,4.333333333333334
MJ Henry,2.5,4.8,7,4.32
SJ Srivastava,3.6,4.7,5,4.32
VG Arora,3.142857142857143,2.5357142857142856,10,4.271428571428571
P Chopra,1.0,5.666666666666667,8,4.2666666666666675
RP Meredith,4.666666666666667,6.0,0,4.2666666666666675
R Smaran,0.8421052631578947,3.236842105263158,13,4.231578947368421
L Wood,3.0,3.0,9,4.2
Pankaj Singh,3.8333333333333335,3.125,7,4.183333333333334
P Awana,4.071428571428571,3.857142857142857,5,4.171428571428572
Liton Das,1.25,7.125,4,4.15
VS Malik,3.5714285714285716,3.2857142857142856,7,4.142857142857143
DT Patil,0.7692307692307693,3.0384615384615383,13,4.1230769230769235
DR Shorey,0.65,3.15,13,4.12
GD McGrath,4.2,4.1,4,4.12
L Ngidi,4.0,4.222222222222222,4,4.0888888888888895
FH Edwards,4.0,4.2,4,4.08
S Randiv,4.25,4.875,2,4.050000000000001
C Madan,0.6666666666666666,1.9285714285714286,15,4.038095238095238
GHS Garton,4.0,5.0,2,4.0
KP Appanna,3.75,5.125,2,3.95
MP Yadav,3.8333333333333335,3.5,5,3.9333333333333336
RK Bhui,1.0740740740740742,3.7222222222222223,10,3.9185185185185185
Karanveer Singh,2.411764705882353,1.3235294117647058,12,3.894117647058824
AG Murtaza,3.642857142857143,1.0357142857142858,10,3.871428571428572
K Upadhyay,3.3333333333333335,0.3333333333333333,12,3.866666666666667
M Ntini,3.8421052631578947,0.2631578947368421,11,3.842105263157895
BB Sran,3.4285714285714284,1.1428571428571428,10,3.8285714285714283
DAJ Bracewell,3.111111111111111,0.4444444444444444,12,3.822222222222223
KT Maphaka,3.0,2.5,8,3.8000000000000003
D du Preez,2.6153846153846154,1.7692307692307692,10,3.753846153846154
PWA Mulder,3.0833333333333335,1.6666666666666667,9,3.7
AR Bawne,3.3333333333333335,-0.16666666666666666,12,3.666666666666667
Musheer Khan,1.6666666666666667,7.5,0,3.666666666666667
SMSM Senanayake,3.5294117647058822,0.5882352941176471,10,3.647058823529412
M Prasidh Krishna,3.7916666666666665,0.75,9,3.6166666666666667
Mukesh Kumar,3.5,0.25,10,3.5
TM Srivastava,2.5454545454545454,2.090909090909091,8,3.454545454545455
H Das,4.0,3.6,2,3.44
T Henderson,0.75,2.21875,11,3.3875
A Uniyal,3.7142857142857144,2.5714285714285716,4,3.314285714285714
A Chandila,3.7142857142857144,2.5714285714285716,4,3.314285714285714
R Ninan,3.6666666666666665,3.0833333333333335,3,3.3000000000000003
Kamran Khan,1.6,5.1,3,3.2800000000000002
IS Sodhi,2.611111111111111,2.0555555555555554,7,3.2666666666666666
Krish Bhagat,2.4761904761904763,0.6666666666666666,10,3.257142857142857
OC McCoy,3.4,0.7,8,3.24
B Laughlin,2.3076923076923075,3.269230769230769,5,3.230769230769231
JE Root,0.6666666666666666,2.3333333333333335,10,3.2
AA Noffke,0.5,2.9583333333333335,9,3.1833333333333336
X Thalaivan Sargunam,1.1764705882352942,1.7647058823529411,10,3.1764705882352944
MS Bhandage,1.25,6.0,1,3.1000000000000005
B Stanlake,3.0,2.25,5,3.1
I Malhotra,3.0,1.125,7,3.0500000000000003
TD Paine,0.6206896551724138,1.9310344827586208,10,3.020689655172414
SB Joshi,1.125,3.125,6,2.9000000000000004
SM Harwood,3.2857142857142856,-0.6785714285714286,9,2.8428571428571425
V Viyaskanth,3.0,0.6,7,2.8400000000000003
BR Sharath,1.0,5.1,2,2.84
D Kalyankrishna,3.75,1.8125,3,2.825
CJ McKay,0.6666666666666666,2.1333333333333333,8,2.72
RS Sodhi,3.5,1.25,4,2.7
DS Rathi,3.6666666666666665,1.4444444444444444,3,2.644444444444445
SH Johnson,2.909090909090909,-0.36363636363636365,8,2.618181818181818
DM Bravo,3.4,0.1,6,2.6000000000000005
KMDN Kulasekara,3.0,1.0,5,2.6
A Tomar,1.125,3.3125,4,2.575
DA Payne,3.0,0.3,6,2.5200000000000005
UA Birla,0.8,1.9666666666666666,7,2.506666666666667
BA Bhatt,3.857142857142857,-0.6428571428571429,6,2.4857142857142858
PSP Handscomb,0.6666666666666666,2.5,6,2.466666666666667
Younis Khan,0.8571428571428571,3.7857142857142856,3,2.4571428571428573
S Ladda,2.2,3.9,0,2.4400000000000004
Akash Madhwal,2.357142857142857,-0.32142857142857145,8,2.4142857142857146
DP Nannes,2.923076923076923,0.9230769230769231,4,2.3384615384615386
KS Rathore,1.4,4.3,0,2.28
JP Behrendorff,3.3333333333333335,-0.6666666666666666,6,2.266666666666667
PP Hinge,1.2222222222222223,2.6666666666666665,3,2.155555555555556
Shoaib Akhtar,1.625,2.6875,2,2.125
Mukesh Choudhary,1.5,0.75,6,2.1000000000000005
RS Gavaskar,1.0,3.0,2,2.0
A Dananjaya,3.4,-0.5,4,1.9600000000000002
Fazalhaq Farooqi,3.6666666666666665,-1.3333333333333333,5,1.9333333333333336
Prince Yadav,3.4166666666666665,-1.0833333333333333,5,1.9333333333333333
SS Shaikh,0.5714285714285714,1.0,6,1.8285714285714287
T Natarajan,3.4285714285714284,-0.8571428571428571,4,1.8285714285714285
S Tyagi,3.25,-0.5,3,1.7000000000000002
Mashrafe Mortaza,3.5,-0.25,2,1.7000000000000002
JE Taylor,3.25,-0.5,3,1.7000000000000002
N Burger,3.4,-0.8,3,1.6400000000000001
ND Doshi,4.153846153846154,-0.15384615384615385,0,1.6000000000000003
RG More,3.0,0.0,2,1.6
RJ Gleeson,3.0,0.0,2,1.6
RJW Topley,3.5,-1.0,3,1.6
Mohammad Ashraful,0.75,1.9583333333333333,2,1.4833333333333334
Shivam Singh,3.3333333333333335,-0.6666666666666666,2,1.4666666666666668
Abdul Basith,3.0,0.0,1,1.4000000000000001
SZ Mulani,3.0,0.0,1,1.4000000000000001
NJ Rimmington,3.0,0.0,1,1.4000000000000001
DP Vijaykumar,3.0,0.0,1,1.4000000000000001
PVSN Raju,3.0,0.0,1,1.4000000000000001
Brijesh Sharma,3.5,-1.0,2,1.4
T Shamsi,3.5,-1.0,2,1.4
PM Sarvesh Kumar,3.5,-1.0,1,1.2
Mohit Rathee,3.5,-1.0,1,1.2
LB Williams,3.5,-1.0,1,1.2
HF Gurney,3.8,-1.6,1,1.0799999999999998
Ashwani Kumar,3.8333333333333335,-1.6666666666666667,1,1.0666666666666667
P Parameswaran,3.3333333333333335,-1.1666666666666667,1,1.0666666666666667
E Malinga,2.7,-1.05,2,1.06
Y Prithvi Raj,4.0,-2.0,0,0.8
L Ablish,4.0,-2.0,0,0.8
Abdur Razzak,4.0,-2.0,0,0.8
KR Sen,4.0,-2.0,0,0.8
Mayank Dagar,4.0,-2.0,0,0.8
U Kaul,4.0,-2.0,0,0.8
K Yadav,4.0,-2.0,0,0.8
YA Abdulla,3.0,-1.5,0,0.6000000000000001
Ashok Sharma,1.2,-0.3,1,0.56
