batter,batsman_runs,impact_score,death_score
MS Dhoni,2936,2.4858006042296075,1762.5943202416918
KA Pollard,1708,2.778672032193159,1025.9114688128773
RA Jadeja,1588,2.2803827751196173,953.7121531100478
KD Karthik,1565,3.006242905788876,940.2024971623156
AB de Villiers,1421,3.090551181102362,853.8362204724409
HH Pandya,1290,2.636604774535809,775.0546419098143
RG Sharma,1176,3.1881977671451356,706.8752791068581
V Kohli,1147,3.09463986599665,689.4378559463986
DA Miller,1137,2.350824587706147,683.1403298350824
AD Russell,1134,3.0264462809917356,681.6105785123967
AT Rayudu,877,2.783177570093458,527.3132710280373
YK Pathan,858,2.311918063314711,515.7247672253259
MP Stoinis,826,2.5325379609544467,496.61301518438177
SO Hetmyer,813,2.6324786324786325,488.85299145299143
DJ Bravo,800,2.9436936936936937,481.17747747747745
AR Patel,794,2.769158878504673,477.50766355140183
R Tewatia,752,2.3071120689655173,452.1228448275862
RR Pant,750,3.304177545691906,451.3216710182768
JP Duminy,712,2.328358208955224,428.13134328358205
TH David,688,2.6134453781512605,413.8453781512605
KL Rahul,681,2.785529715762274,409.7142118863049
RK Singh,665,2.368715083798883,399.94748603351957
SK Raina,664,2.1654320987654323,399.26617283950617
N Pooran,643,2.375,386.75
KH Pandya,632,2.54916067146283,380.2196642685851
SA Yadav,604,3.171826625386997,363.66873065015477
Yuvraj Singh,601,3.0054945054945055,361.8021978021978
SV Samson,594,3.0077399380804954,357.6030959752322
Harbhajan Singh,581,3.098717948717949,349.83948717948715
SS Iyer,576,2.8541666666666665,346.7416666666666
H Klaasen,571,3.1262798634812285,343.85051194539244
JA Morkel,571,2.407608695652174,343.56304347826085
IK Pathan,563,2.182894736842105,338.67315789473685
SPD Smith,554,2.5709969788519635,333.42839879154076
S Dube,538,2.3421052631578947,323.7368421052632
MK Pandey,536,2.4764542936288088,322.59058171745147
JC Buttler,519,2.9982014388489207,312.5992805755395
MK Tiwary,501,2.455621301775148,301.58224852071004
S Dhawan,499,1.8790322580645162,300.1516129032258
Rashid Khan,494,3.590909090909091,297.8363636363636
BJ Hodge,494,2.3901639344262295,297.3560655737705
KM Jadhav,466,1.8402366863905326,280.3360946745562
CH Morris,457,2.431159420289855,275.1724637681159
T Stubbs,448,2.34688995215311,269.73875598086124
GJ Maxwell,446,3.175196850393701,268.87007874015745
A Badoni,446,2.6431159420289854,268.65724637681154
WP Saha,441,2.7448275862068967,265.69793103448274
Shashank Singh,425,2.2873831775700935,255.91495327102803
Abdul Samad,423,3.772,255.3088
R Ashwin,421,3.056231003039514,253.8224924012158
V Shankar,418,2.446,251.77839999999998
R Parag,417,3.3485401459854014,251.53941605839415
F du Plessis,416,3.5295454545454548,251.01181818181817
RV Uthappa,415,3.08,250.232
DA Warner,415,2.8151260504201683,250.12605042016807
EJG Morgan,404,2.766798418972332,243.50671936758891
CH Gayle,404,2.665071770334928,243.46602870813396
PP Chawla,403,3.255192878338279,243.1020771513353
Dhruv Jurel,392,2.560810810810811,236.2243243243243
JP Faulkner,389,2.791497975708502,234.5165991902834
AM Rahane,386,2.288381742738589,232.51535269709544
SS Tiwary,382,2.0673076923076925,230.02692307692305
PJ Cummins,370,3.0123456790123457,223.20493827160493
Washington Sundar,360,3.0576923076923075,217.22307692307692
Tilak Varma,353,3.071794871794872,213.02871794871794
DJ Hooda,348,3.096774193548387,210.03870967741935
SM Curran,343,3.0098039215686274,207.00392156862745
KS Williamson,339,2.3033175355450237,204.321327014218
Shubman Gill,337,2.6644444444444444,203.26577777777777
STR Binny,336,2.6401869158878504,202.65607476635515
JM Sharma,335,2.669230769230769,202.0676923076923
M Shahrukh Khan,329,2.6961722488038276,198.47846889952154
S Badrinath,329,2.4976076555023923,198.39904306220097
Mandeep Singh,326,3.0334928229665072,196.8133971291866
Ashutosh Sharma,325,2.981081081081081,196.19243243243244
AD Mathews,322,2.708520179372197,194.28340807174888
NV Ojha,313,2.796943231441048,188.9187772925764
DPMD Jayawardene,313,2.2405405405405405,188.6962162162162
Y Venugopal Rao,311,2.9468599033816427,187.77874396135266
N Rana,308,3.4694444444444446,186.18777777777777
JH Kallis,303,3.210691823899371,183.08427672955972
B Kumar,299,2.393092105263158,180.35723684210527
SR Watson,295,3.6104294478527605,178.4441717791411
MC Henriques,290,2.57185628742515,175.02874251497005
GJ Bailey,287,2.5063291139240507,173.20253164556962
CL White,283,2.5844155844155843,170.83376623376623
DJ Hussey,277,2.8944099378881987,167.35776397515528
Shakib Al Hasan,274,2.5870646766169156,165.43482587064676
P Kumar,271,2.614,163.6456
Naman Dhir,267,3.1307692307692307,161.45230769230767
Shahbaz Ahmed,262,2.61046511627907,158.24418604651163
DT Christian,261,2.6974358974358976,157.67897435897436
Ishan Kishan,259,4.227941176470588,157.09117647058824
SN Khan,253,3.233108108108108,153.09324324324322
LS Livingstone,242,3.2886178861788617,146.51544715447153
R Powell,240,2.824626865671642,145.12985074626866
R Vinay Kumar,239,2.9613526570048307,144.58454106280195
A Symonds,239,2.279220779220779,144.31168831168833
A Mishra,237,2.228506787330317,143.09140271493212
R Bhatia,229,3.980132450331126,138.99205298013246
KV Sharma,228,2.776470588235294,137.9105882352941
P Negi,226,2.8493975903614457,136.73975903614456
AM Nayar,224,3.3049645390070923,135.72198581560284
LRPL Taylor,224,2.6382978723404253,135.45531914893618
JC Archer,217,3.1145833333333335,131.44583333333333
NLTC Perera,215,2.986013986013986,130.1944055944056
KK Nair,211,3.675438596491228,128.0701754385965
AK Markram,211,2.3266129032258065,127.53064516129032
RD Gaikwad,210,2.3360655737704916,126.93442622950819
BCJ Cutting,208,2.969298245614035,125.98771929824561
M Manhas,204,1.9155844155844155,123.16623376623376
MM Ali,203,3.3780487804878048,123.15121951219511
AJ Finch,203,2.919230769230769,122.9676923076923
OA Shah,202,1.9818840579710144,121.99275362318839
Gurkeerat Singh,201,3.2846153846153845,121.91384615384615
SE Rutherford,200,3.0576923076923075,121.22307692307692
JO Holder,197,3.0193548387096776,119.40774193548386
RN ten Doeschate,193,3.066371681415929,117.02654867256636
MA Agarwal,192,4.277777777777778,116.9111111111111
A Ashish Reddy,192,2.6589147286821704,116.26356589147285
HV Patel,191,3.851973684210526,116.14078947368421
SN Thakur,189,3.827338129496403,114.93093525179856
LR Shukla,189,2.5364963503649633,114.41459854014597
UT Yadav,184,2.0233918128654973,111.2093567251462
C Green,183,1.9330357142857142,110.57321428571429
R Shepherd,181,2.9583333333333335,109.78333333333333
Harpreet Brar,181,1.8392857142857142,109.33571428571427
MV Boucher,179,1.8070175438596492,108.12280701754385
G Gambhir,172,3.2086614173228347,104.48346456692914
SE Marsh,170,2.6772727272727272,103.0709090909091
K Rabada,169,2.5535714285714284,102.42142857142856
RA Tripathi,168,3.2476190476190476,102.09904761904761
Kuldeep Yadav,168,1.1481481481481481,101.25925925925925
MEK Hussey,164,2.846590909090909,99.53863636363636
B Sai Sudharsan,161,4.493670886075949,98.39746835443037
TM Dilshan,162,2.015957446808511,98.00638297872341
R Dravid,160,3.4,97.36
DW Steyn,158,3.442857142857143,96.17714285714285
BB McCullum,158,3.301282051282051,96.12051282051281
Nithish Kumar Reddy,156,3.7531645569620253,95.10126582278481
K Gowtham,152,3.0842696629213484,92.43370786516854
JD Unadkat,152,2.809917355371901,92.32396694214876
MK Lomror,151,3.3803418803418803,91.95213675213675
Bipul Sharma,152,1.683673469387755,91.87346938775511
Q de Kock,150,2.7974683544303796,91.11898734177215
Y Nagar,149,3.032110091743119,90.61284403669724
MR Marsh,148,3.7892156862745097,90.3156862745098
MG Johnson,149,1.9361702127659575,90.17446808510637
Abhishek Sharma,148,3.107142857142857,90.04285714285714
VR Iyer,143,3.63953488372093,87.25581395348837
R Sathish,143,2.563106796116505,86.8252427184466
KC Sangakkara,142,3.5161290322580645,86.60645161290323
CR Brathwaite,141,4.233766233766234,86.29350649350648
CJ Anderson,142,2.707792207792208,86.28311688311689
R Dhawan,140,2.264705882352941,84.90588235294118
C de Grandhomme,136,1.9563106796116505,82.38252427184466
J Botha,135,3.36734693877551,82.34693877551021
Ramandeep Singh,133,3.1666666666666665,81.06666666666666
SR Tendulkar,132,2.5987654320987654,80.23950617283951
BA Stokes,128,3.45,78.17999999999999
MF Maharoof,127,2.554054054054054,77.22162162162162
M Jansen,127,2.3375,77.135
Anuj Rawat,127,1.8405797101449275,76.93623188405797
SB Dubey,126,3.0,76.8
RS Bopara,126,2.85,76.74
DB Ravi Teja,122,3.818681318681319,74.72747252747253
S Gopal,119,2.1648351648351647,72.26593406593406
A Manohar,116,4.4411764705882355,71.37647058823529
M Morkel,116,3.0384615384615383,70.81538461538462
DR Smith,115,4.025974025974026,70.6103896103896
SK Warne,116,2.293103448275862,70.51724137931033
SC Ganguly,114,3.4788732394366195,69.79154929577464
DJG Sammy,112,3.4078947368421053,68.56315789473685
Aniket Verma,110,3.533333333333333,67.41333333333333
Mohammad Nabi,109,3.7948717948717947,66.9179487179487
KP Pietersen,110,1.7946428571428572,66.71785714285714
D Wiese,109,2.6180555555555554,66.44722222222221
AB Agarkar,109,1.5,65.99999999999999
AS Raut,107,1.8209876543209877,64.9283950617284
DB Das,106,1.6845238095238095,64.27380952380952
RD Chahar,104,3.3854166666666665,63.75416666666666
B Lee,104,2.675,63.47
TG Southee,104,2.4240506329113924,63.369620253164555
Sameer Rizvi,103,3.1132075471698113,63.04528301886792
D Ferreira,102,4.138297872340425,62.85531914893617
Mohammed Siraj,103,1.7236842105263157,62.48947368421052
Z Khan,101,2.5357142857142856,61.61428571428571
Azhar Mahmood,96,4.296875,59.318749999999994
MD Choudhary,97,2.1491228070175437,59.059649122807016
DS Kulkarni,97,1.59375,58.8375
SP Narine,96,3.0495495495495497,58.81981981981981
TL Suman,96,1.5,58.199999999999996
TM Head,94,2.1176470588235294,57.24705882352941
J Overton,92,2.5901639344262297,56.23606557377049
Mohammed Shami,91,3.6704545454545454,56.06818181818182
DH Yagnik,92,1.3380281690140845,55.73521126760563
RM Patidar,90,4.078947368421052,55.63157894736842
D Padikkal,88,3.984848484848485,54.39393939393939
RJ Harris,86,3.0342465753424657,52.81369863013699
Sachin Baby,85,3.056603773584906,52.22264150943396
Arshad Khan,85,2.559322033898305,52.02372881355932
A Raghuvanshi,81,2.7545454545454544,49.70181818181818
HM Amla,81,2.625,49.65
MJ Santner,81,1.9180327868852458,49.3672131147541
SL Malinga,80,2.4239130434782608,48.969565217391306
MS Gony,79,3.185185185185185,48.67407407407407
AL Menaria,79,3.0923076923076924,48.636923076923075
Lalit Yadav,80,1.3611111111111112,48.544444444444444
JEC Franklin,78,2.5096153846153846,47.80384615384615
B Chipli,78,1.6363636363636365,47.45454545454545
SW Billings,76,4.361702127659575,47.34468085106383
AB McDonald,78,1.2846153846153847,47.31384615384615
S Arora,76,3.6125,47.045
TA Boult,76,2.2746478873239435,46.50985915492958
MM Sharma,74,3.4675324675324677,45.787012987012986
N Wadhera,72,6.36734693877551,45.7469387755102
GD Phillips,74,3.2976190476190474,45.719047619047615
M Vijay,74,2.9555555555555557,45.58222222222222
SM Pollock,72,4.527027027027027,45.01081081081081
BJ Rohrer,73,2.7580645161290325,44.90322580645161
LJ Wright,72,4.015625,44.80625
DP Conway,73,2.1666666666666665,44.666666666666664
V Nigam,72,3.63953488372093,44.65581395348837
CJ Jordan,69,3.7457627118644066,42.89830508474576
M Kartik,70,1.6594202898550725,42.66376811594203
LH Ferguson,69,2.9431818181818183,42.57727272727273
NM Coulter-Nile,68,3.9910714285714284,42.39642857142857
KK Cooper,67,4.823529411764706,42.12941176470588
MA Starc,68,2.6265822784810124,41.8506329113924
ML Hayden,66,2.5,40.6
AC Voges,66,1.7727272727272727,40.30909090909091
PD Collingwood,66,1.6891891891891893,40.27567567567568
S Anirudha,65,2.688888888888889,40.07555555555555
JJ Bumrah,64,2.1419753086419755,39.25679012345679
PA Patel,63,3.5869565217391304,39.23478260869565
RR Powar,64,1.5,39.0
C Connolly,63,2.6785714285714284,38.87142857142857
S Rana,61,2.2093023255813953,37.48372093023256
P Simran Singh,60,3.324324324324324,37.32972972972973
DL Vettori,61,1.0660377358490567,37.026415094339626
HH Gibbs,61,0.9722222222222222,36.98888888888889
LA Pomersbach,59,3.6714285714285713,36.86857142857143
C Bosch,59,2.65625,36.4625
TK Curran,58,2.5,35.8
Iqbal Abdulla,59,0.5096153846153846,35.60384615384615
RR Rossouw,56,3.142857142857143,34.85714285714286
GH Vihari,55,3.9622641509433962,34.58490566037736
PK Garg,55,3.787878787878788,34.515151515151516
WPUJC Vaas,55,3.4489795918367347,34.3795918367347
MJ McClenaghan,55,3.377551020408163,34.351020408163265
Avesh Khan,56,0.9512195121951219,33.98048780487805
R McLaren,55,2.4,33.96
DL Chahar,55,1.88,33.752
R Sharma,54,3.217391304347826,33.68695652173913
Abishek Porel,53,4.448275862068965,33.57931034482758
AA Jhunjhunwala,53,3.9375,33.375
AJ Tye,54,2.1826923076923075,33.27307692307692
CA Ingram,53,3.342857142857143,33.137142857142855
MN van Wyk,54,1.4285714285714286,32.97142857142857
JR Hopes,53,2.3947368421052633,32.757894736842104
CR Woakes,52,2.521276595744681,32.208510638297874
AC Gilchrist,52,2.52,32.208
P Dogra,50,5.488636363636363,32.195454545454545
TR Birt,51,3.607142857142857,32.042857142857144
RP Singh,50,4.0,31.6
YBK Jaiswal,50,3.5,31.4
A Kamboj,51,1.525,31.209999999999997
JDP Oram,50,2.9594594594594597,31.183783783783785
Himmat Singh,50,2.0294117647058822,30.811764705882354
B Akhil,49,2.890625,30.55625
RV Patel,49,2.141025641025641,30.256410256410255
Shivam Mavi,48,3.2604166666666665,30.104166666666664
Kartik Sharma,48,3.2241379310344827,30.089655172413792
RE van der Merwe,47,4.121621621621622,29.84864864864865
VR Aaron,49,0.7132352941176471,29.685294117647057
D Brevis,46,4.75,29.499999999999996
Sandeep Sharma,48,0.953125,29.18125
A Nortje,46,3.011111111111111,28.804444444444442
J Suchith,46,2.759259259259259,28.703703703703702
JM Bairstow,45,3.9827586206896552,28.593103448275862
PVD Chameera,46,1.9743589743589745,28.38974358974359
TU Deshpande,45,3.3333333333333335,28.333333333333332
OF Smith,46,1.5277777777777777,28.21111111111111
RV Gomez,44,4.208333333333333,28.083333333333332
S Aravind,46,1.058139534883721,28.023255813953487
PWH de Silva,43,5.383720930232558,27.953488372093023
KA Jamieson,45,1.96875,27.7875
M Markande,45,1.5833333333333333,27.633333333333333
CM Gautam,45,1.4324324324324325,27.572972972972973
I Sharma,44,1.6363636363636365,27.054545454545455
Aman Hakim Khan,40,4.703125,25.88125
WD Parnell,41,2.730769230769231,25.69230769230769
Misbah-ul-Haq,40,4.0,25.6
AS Yadav,39,5.066666666666666,25.426666666666666
CA Pujara,40,3.5166666666666666,25.406666666666666
MS Bisla,40,2.64,25.056
SK Trivedi,40,2.294642857142857,24.917857142857144
SD Chitnis,38,3.890625,24.35625
MM Patel,39,1.8513513513513513,24.140540540540538
AS Roy,39,1.5961538461538463,24.038461538461537
M Vohra,36,5.361111111111111,23.744444444444444
DJ Mitchell,38,1.8225806451612903,23.529032258064518
M Kaif,36,3.870967741935484,23.14838709677419
FY Fazal,36,2.55,22.619999999999997
A Nehra,36,2.35,22.54
AP Tare,34,5.333333333333333,22.53333333333333
V Sehwag,33,6.433333333333334,22.373333333333335
GC Smith,36,1.6666666666666667,22.266666666666666
AN Ahmed,36,1.2222222222222223,22.08888888888889
D Pretorius,34,3.9318181818181817,21.972727272727273
M Rawat,35,0.9736842105263158,21.389473684210525
Sikandar Raza,34,2.433333333333333,21.37333333333333
AA Bilakhia,34,1.9642857142857142,21.185714285714283
AD Mascarenhas,32,4.783333333333333,21.113333333333333
JJ Roy,34,0.925,20.77
L Balaji,32,3.524390243902439,20.609756097560975
S Sreesanth,34,0.38392857142857145,20.553571428571427
AP Dole,32,3.175,20.47
JDS Neesham,32,2.9166666666666665,20.366666666666667
Ankit Sharma,31,4.068965517241379,20.22758620689655
GF Linde,31,3.9285714285714284,20.17142857142857
LMP Simmons,32,2.0576923076923075,20.02307692307692
Rasikh Salam,30,4.75,19.9
BB Samantray,31,3.12,19.848
NK Patel,31,2.1315789473684212,19.452631578947365
SB Bangar,29,5.117647058823529,19.44705882352941
YS Chahal,32,0.515625,19.40625
AT Carey,31,1.7678571428571428,19.307142857142853
Ravi Bishnoi,29,3.922222222222222,18.968888888888888
CA Lynn,30,2.25,18.9
Joginder Sharma,29,3.369565217391304,18.747826086956522
R Rampaul,29,2.7903225806451615,18.516129032258064
M Ashwin,28,4.0625,18.425
Imran Tahir,29,2.5555555555555554,18.42222222222222
YV Takawale,29,1.8076923076923077,18.123076923076923
Anureet Singh,29,1.6142857142857143,18.045714285714283
HC Brook,29,1.5227272727272727,18.009090909090908
Harshit Rana,28,2.393939393939394,17.757575757575758
Swapnil Singh,26,5.075,17.63
A Kumble,29,0.5487804878048781,17.61951219512195
Basil Thampi,29,0.532258064516129,17.61290322580645
JD Ryder,28,1.8157894736842106,17.526315789473685
Noor Ahmad,26,4.611111111111111,17.444444444444443
SB Jakati,28,1.3166666666666667,17.326666666666668
Arshdeep Singh,27,2.5952380952380953,17.238095238095237
Navdeep Saini,27,2.0,17.0
PC Valthaty,27,1.5,16.8
Suryansh Shedge,25,4.0,16.6
JP Inglis,26,2.088235294117647,16.435294117647057
DR Sams,24,4.9,16.36
KS Bharat,26,1.2142857142857142,16.085714285714285
S Nadeem,23,5.278846153846154,15.911538461538461
AS Rajpoot,25,2.0142857142857142,15.805714285714286
D Salunkhe,25,1.9411764705882353,15.776470588235295
Shahid Afridi,22,6.4,15.76
Mohsin Khan,24,3.227272727272727,15.69090909090909
Harpreet Singh,24,3.2222222222222223,15.688888888888888
J Yadav,25,1.6153846153846154,15.646153846153846
Shivang Kumar,22,5.852941176470588,15.541176470588235
A Choudhary,24,2.8157894736842106,15.526315789473683
KB Arun Karthik,25,1.2,15.48
Azmatullah Omarzai,23,3.5,15.2
CV Varun,25,0.4,15.16
K Goel,24,1.7,15.079999999999998
E Lewis,24,1.6666666666666667,15.066666666666665
PD Salt,24,1.6363636363636365,15.054545454545453
SS Prabhudessai,23,3.090909090909091,15.036363636363635
PJ Sangwan,22,4.337837837837838,14.935135135135134
Umar Gul,21,5.714285714285714,14.885714285714286
G Coetzee,21,5.428571428571429,14.771428571428572
MD Mishra,23,2.2333333333333334,14.693333333333332
LPC Silva,23,1.95,14.579999999999998
Umran Malik,23,1.9375,14.575
B Sumanth,23,1.1428571428571428,14.257142857142856
SA Abbott,20,5.409090909090909,14.163636363636364
R Ravindra,21,3.75,14.1
GB Hogg,22,2.0681818181818183,14.027272727272727
PR Veer,23,0.05,13.819999999999999
M Muralitharan,20,4.05,13.620000000000001
SB Styris,21,2.526315789473684,13.610526315789473
A Flintoff,22,0.7857142857142857,13.514285714285714
Kartik Tyagi,19,4.842105263157895,13.336842105263159
S Narwal,19,4.59375,13.2375
PR Shah,19,4.575,13.23
ER Dwivedi,19,4.222222222222222,13.088888888888889
C Sakariya,19,3.9038461538461537,12.961538461538462
RA Bawa,20,2.25,12.9
DE Bollinger,21,0.717391304347826,12.88695652173913
SP Jackson,19,3.425,12.77
J Syed Mohammad,20,1.75,12.7
DJ Willey,21,0.20588235294117646,12.68235294117647
PP Shaw,18,4.625,12.649999999999999
NL McCullum,18,4.5625,12.625
Harmeet Singh,18,4.541666666666667,12.616666666666665
KMA Paul,18,4.425,12.569999999999999
RR Raje,20,1.3333333333333333,12.533333333333333
R Sai Kishore,17,5.8076923076923075,12.523076923076923
MN Samuels,19,2.75,12.5
AC Thomas,19,2.5277777777777777,12.411111111111111
Kamran Akmal,20,0.9166666666666666,12.366666666666667
AB Dinda,18,3.3552631578947367,12.142105263157895
Akash Deep,16,6.333333333333333,12.133333333333333
NT Ellis,18,2.764705882352941,11.905882352941175
RJ Peterson,18,2.7058823529411766,11.88235294117647
I Udana,15,6.909090909090909,11.763636363636364
P Sahu,19,0.5384615384615384,11.615384615384615
AD Nath,16,4.916666666666667,11.566666666666666
M Tiwari,18,1.8125,11.524999999999999
S Kaul,18,1.3870967741935485,11.354838709677418
HR Shokeen,18,1.3529411764705883,11.341176470588234
RD Rickelton,18,1.2,11.28
CJ Ferguson,17,2.588235294117647,11.235294117647058
LA Carseldine,18,0.9545454545454546,11.18181818181818
PP Ojha,16,3.9523809523809526,11.18095238095238
Saurav Chauhan,16,3.8461538461538463,11.138461538461538
Parvez Rasool,17,2.025,11.01
AJ Hosein,18,0.46153846153846156,10.984615384615383
Sanvir Singh,18,0.23333333333333334,10.893333333333333
AF Milne,15,4.526315789473684,10.810526315789474
Vijaykumar Vyshak,16,2.5588235294117645,10.623529411764705
A Mithun,13,6.590909090909091,10.436363636363637
SM Katich,17,0.4230769230769231,10.369230769230768
R Shukla,16,1.85,10.34
KL Nagarkoti,15,3.289473684210526,10.31578947368421
PHKD Mendis,14,4.6,10.24
AUK Pathan,14,4.041666666666667,10.016666666666667
JR Hazlewood,16,0.868421052631579,9.947368421052632
Naveen-ul-Haq,16,0.725,9.889999999999999
AS Joseph,16,0.4318181818181818,9.772727272727272
JL Pattinson,15,1.9230769230769231,9.76923076923077
WA Mota,13,4.892857142857143,9.757142857142856
Yudhvir Singh,1,22.666666666666668,9.666666666666668
Harsh Dubey,13,4.5,9.6
PA Reddy,6,14.75,9.5
KC Cariappa,12,5.153846153846154,9.26153846153846
F Behardien,14,2.0833333333333335,9.233333333333334
JJ van der Wath,14,2.0416666666666665,9.216666666666667
Arjun Tendulkar,13,3.2222222222222223,9.088888888888889
C Nanda,0,22.0,8.8
Mohammad Asif,0,22.0,8.8
A Mukund,0,22.0,8.8
Kumar Kushagra,0,22.0,8.8
S Kaushik,0,22.0,8.8
V Pratap Singh,0,22.0,8.8
DG Nalkande,0,22.0,8.8
SS Cottrell,0,22.0,8.8
S Lamichhane,0,22.0,8.8
S Ladda,0,22.0,8.8
RR Bhatkal,0,22.0,8.8
MA Wood,11,5.444444444444445,8.777777777777779
KW Richardson,12,3.9375,8.774999999999999
XC Bartlett,11,5.166666666666667,8.666666666666666
CK Kapugedera,13,2.111111111111111,8.644444444444444
PN Mankad,14,0.4,8.56
M Theekshana,14,0.38095238095238093,8.552380952380952
Auqib Nabi,10,6.0,8.4
Mustafizur Rahman,13,1.4047619047619047,8.361904761904762
SP Goswami,11,4.266666666666667,8.306666666666667
N Saini,6,11.666666666666666,8.266666666666666
Vishnu Vinod,9,7.142857142857143,8.257142857142856
KJ Abbott,13,1.1428571428571428,8.257142857142856
NS Naik,11,3.84375,8.1375
Mujeeb Ur Rahman,11,3.6666666666666665,8.066666666666666
AA Chavan,11,3.375,7.949999999999999
T Thushara,12,1.736842105263158,7.894736842105263
MA Khote,12,1.5769230769230769,7.83076923076923
T Taibu,9,5.9,7.76
IR Jaggi,12,1.3571428571428572,7.742857142857142
Salman Butt,4,13.25,7.700000000000001
A Zampa,5,11.666666666666666,7.666666666666667
UBT Chand,7,8.5625,7.625
Yashpal Singh,11,2.3,7.52
VY Mahesh,12,0.6666666666666666,7.466666666666666
SW Tait,10,3.5416666666666665,7.416666666666667
DAJ Bracewell,12,0.4444444444444444,7.377777777777777
K Upadhyay,12,0.3333333333333333,7.333333333333333
DNT Zoysa,10,3.3125,7.325
HE van der Dussen,12,0.2,7.279999999999999
SB Wagh,2,15.166666666666666,7.266666666666667
J Theron,10,3.1538461538461537,7.2615384615384615
Sohail Tanvir,12,0.0,7.199999999999999
AR Bawne,12,-0.16666666666666666,7.133333333333333
WG Jacks,11,1.25,7.1
PV Tambe,12,-0.26785714285714285,7.0928571428571425
K Kartikeya,9,3.9545454545454546,6.9818181818181815
M Ntini,11,0.2631578947368421,6.705263157894737
MD Shanaka,9,3.0625,6.625
L Wood,9,3.0,6.6
Shivam Sharma,5,8.833333333333334,6.533333333333333
MG Bracewell,11,-0.20833333333333334,6.516666666666667
VG Arora,9,2.763157894736842,6.505263157894737
JPR Scantlebury-Searles,8,4.25,6.5
CK Langeveldt,1,14.666666666666666,6.466666666666667
TS Mills,6,7.111111111111111,6.444444444444445
AG Murtaza,10,1.0357142857142858,6.414285714285715
Anirudh Singh,9,2.388888888888889,6.355555555555555
R Minz,6,6.625,6.25
S Badree,3,11.0,6.2
Ankit Soni,7,4.722222222222222,6.0888888888888895
PWA Mulder,8,2.875,5.95
Gulbadin Naib,8,2.8125,5.925
KK Ahmed,2,11.777777777777779,5.911111111111111
VS Yeligati,2,11.75,5.9
BB Sran,9,1.2307692307692308,5.892307692307692
CRD Fernando,4,8.5,5.800000000000001
KT Maphaka,8,2.5,5.8
VRV Singh,4,8.333333333333334,5.733333333333334
DR Martyn,4,8.333333333333334,5.733333333333334
M Prasidh Krishna,9,0.75,5.699999999999999
AU Rashid,4,8.166666666666666,5.666666666666666
SMSM Senanayake,9,0.625,5.6499999999999995
Shoaib Malik,2,11.0,5.6000000000000005
PBB Rajapaksa,2,11.0,5.6000000000000005
JA Richardson,2,10.875,5.550000000000001
VS Malik,7,3.2857142857142856,5.514285714285714
Mukesh Kumar,9,0.2631578947368421,5.505263157894737
Arshad Khan (2),5,6.125,5.45
Mohammad Hafeez,5,6.125,5.45
Pankaj Singh,7,3.125,5.45
Simarjeet Singh,8,1.5909090909090908,5.4363636363636365
T Kohli,4,7.333333333333333,5.333333333333334
N Jagadeesan,9,-0.6428571428571429,5.142857142857142
S Sohal,4,6.833333333333333,5.133333333333333
SM Harwood,9,-0.6785714285714286,5.128571428571428
OC McCoy,8,0.7,5.08
Jaskaran Singh,7,2.111111111111111,5.044444444444444
Sunny Singh,7,2.111111111111111,5.044444444444444
R Bishnoi,1,11.0,5.0
MJ Suthar,1,11.0,5.0
M de Lange,1,11.0,5.0
KA Maharaj,1,11.0,5.0
SJ Srivastava,5,4.7,4.88
MC Juneja,5,4.444444444444445,4.777777777777778
FA Allen,4,5.928571428571429,4.771428571428571
TM Srivastava,4,5.75,4.7
I Malhotra,7,1.125,4.65
Karanveer Singh,8,-0.55,4.58
P Awana,5,3.857142857142857,4.542857142857143
P Dubey,7,0.7142857142857143,4.485714285714286
V Viyaskanth,7,0.6,4.44
MP Yadav,5,3.5,4.4
AJ Turner,4,4.966666666666667,4.386666666666667
Yash Dayal,4,4.9375,4.375
A Singh,2,7.5625,4.2250000000000005
A Mhatre,4,4.4,4.16
SD Hope,7,-0.14285714285714285,4.142857142857143
MJ Henry,2,7.333333333333333,4.133333333333334
GC Viljoen,3,5.785714285714286,4.114285714285714
L Ngidi,4,4.222222222222222,4.088888888888889
FH Edwards,4,4.2,4.08
SH Johnson,7,-0.375,4.05
R Sanjay Yadav,0,10.0,4.0
GD McGrath,0,10.0,4.0
IC Pandey,0,10.0,4.0
Shoaib Ahmed,0,10.0,4.0
B Stanlake,5,2.25,3.9
B Laughlin,1,8.0,3.8000000000000003
DA Payne,6,0.3,3.7199999999999998
DM Bravo,6,0.1,3.6399999999999997
A Chandila,4,2.5714285714285716,3.428571428571429
A Uniyal,4,2.5714285714285716,3.428571428571429
IS Sodhi,2,5.5,3.4000000000000004
BAW Mendis,3,4.0,3.4
KMDN Kulasekara,5,1.0,3.4
D du Preez,3,4.0,3.4
BA Bhatt,6,-0.6428571428571429,3.3428571428571425
JP Behrendorff,6,-0.6666666666666666,3.333333333333333
LE Plunkett,1,6.666666666666667,3.266666666666667
DJ Muthuswami,1,6.666666666666667,3.266666666666667
BE Hendricks,1,6.666666666666667,3.266666666666667
KP Appanna,2,5.125,3.25
VVS Laxman,2,5.125,3.25
GHS Garton,2,5.0,3.2
S Randiv,2,4.875,3.1500000000000004
R Ninan,3,3.0833333333333335,3.033333333333333
RS Sodhi,4,1.25,2.9
JM Kemp,3,2.357142857142857,2.742857142857143
TL Seifert,2,3.8,2.7199999999999998
H Das,2,3.6,2.64
Prince Yadav,5,-1.0833333333333333,2.5666666666666664
D Kalyankrishna,3,1.8125,2.525
Fazalhaq Farooqi,5,-1.3333333333333333,2.466666666666667
RP Meredith,0,6.0,2.4000000000000004
KAJ Roach,1,4.5,2.4
DS Rathi,3,1.4444444444444444,2.3777777777777778
Akash Madhwal,4,-0.4,2.2399999999999998
Krish Bhagat,3,1.05,2.2199999999999998
A Dananjaya,4,-0.5,2.1999999999999997
C Munro,4,-0.6666666666666666,2.1333333333333333
T Natarajan,4,-0.8571428571428571,2.057142857142857
DP Nannes,1,3.2,1.8800000000000003
Sumit Kumar,2,1.625,1.85
S Tyagi,3,-0.5,1.5999999999999999
JE Taylor,3,-0.5,1.5999999999999999
N Burger,3,-0.8,1.4799999999999998
RJW Topley,3,-1.0,1.4
RG More,2,0.0,1.2
RJ Gleeson,2,0.0,1.2
Mukesh Choudhary,2,0.0,1.2
Mashrafe Mortaza,2,-0.25,1.0999999999999999
Shivam Singh,2,-0.6666666666666666,0.9333333333333333
T Shamsi,2,-1.0,0.7999999999999999
Brijesh Sharma,2,-1.0,0.7999999999999999
AB Barath,2,-1.2,0.72
E Malinga,2,-1.3571428571428572,0.657142857142857
Abdul Basith,1,0.0,0.6
PVSN Raju,1,0.0,0.6
NJ Rimmington,1,0.0,0.6
SZ Mulani,1,0.0,0.6
DP Vijaykumar,1,0.0,0.6
JR Philippe,1,-1.0,0.19999999999999996
LB Williams,1,-1.0,0.19999999999999996
Mohit Rathee,1,-1.0,0.19999999999999996
PM Sarvesh Kumar,1,-1.0,0.19999999999999996
ND Doshi,0,0.4,0.16000000000000003
P Parameswaran,1,-1.1666666666666667,0.13333333333333325
HF Gurney,1,-1.6,-0.04000000000000015
Ashwani Kumar,1,-1.6666666666666667,-0.06666666666666676
YA Abdulla,0,-1.5,-0.6000000000000001
PP Hinge,0,-1.5,-0.6000000000000001
Abdur Razzak,0,-2.0,-0.8
U Kaul,0,-2.0,-0.8
Y Prithvi Raj,0,-2.0,-0.8
K Yadav,0,-2.0,-0.8
Ashok Sharma,0,-2.0,-0.8
KR Sen,0,-2.0,-0.8
Mayank Dagar,0,-2.0,-0.8
L Ablish,0,-2.0,-0.8
