batter,batsman_runs,impact_score,pressure_score,momentum,is_wicket,player_rating
V Kohli,9155,2.4417261055634807,0.7463623395149787,1.1854493580599144,240,3205.246793865906
RG Sharma,7291,2.6128227960819235,0.9138023152270703,1.1241317898486198,252,2552.910792520035
S Dhawan,6769,2.412274302389203,0.6481853000182382,1.1214663505380267,194,2370.1069989057078
DA Warner,6567,2.5630026809651474,0.6279645287688184,1.2559290575376367,164,2299.4675293875025
KL Rahul,5712,2.403359356517625,0.7494677075940384,1.255500354861604,127,2000.2018334516204
SK Raina,5536,2.6052190567392866,0.7766339478094326,1.1826669858750298,168,1938.6431649509216
MS Dhoni,5439,2.0,1.9051450865642525,1.2016581321628872,158,1904.7713606437453
AM Rahane,5269,2.525243168133395,0.6482167670217693,1.071097730430755,176,1845.1251736915237
AB de Villiers,5181,2.5751362202466304,1.0995124749067966,1.3561800975050187,125,1814.4849225695439
SV Samson,5134,2.7420348058902277,0.7815261044176707,1.2096385542168675,160,1797.9837416331993
CH Gayle,4997,2.678612059158134,0.7266780432309442,1.335608646188851,128,1750.0321103526733
RV Uthappa,4954,2.709065444359562,0.7091927680162974,1.1016042780748663,184,1734.939425770308
KD Karthik,4843,2.5762137238947656,1.3512340656360184,1.11771087605099,189,1696.187842419311
F du Plessis,4773,2.5868238557558945,0.6707350901525658,1.189736477115118,135,1671.5688002773925
SA Yadav,4506,2.8268363402061856,0.8598582474226805,1.2786726804123711,134,1578.2344152706182
JC Buttler,4476,2.7062237987745887,0.8042566913898742,1.3247339567881329,117,1567.7023540793293
AT Rayudu,4348,2.4388252148997136,1.0375358166189113,1.0759312320916905,152,1522.832399713467
Shubman Gill,4333,2.57244094488189,0.6658267716535433,1.2406299212598426,109,1517.5744015748032
G Gambhir,4217,2.4662315550510785,0.5729284903518729,1.079455164585698,135,1476.8970346197502
SS Iyer,4127,2.51141407736208,0.8208623969562461,1.1727964489537095,121,1445.4765852885223
MK Pandey,3951,2.343070044709389,0.8587183308494784,1.0312965722801788,135,1383.8137704918033
SR Watson,3880,2.7327109266943292,0.7378976486860305,1.1798063623789765,126,1359.0667185338866
RR Pant,3818,2.6841812105458596,1.020051986632009,1.2614184923876717,115,1337.4273393984404
RA Jadeja,3450,2.1246828561072855,1.8035520115984052,1.0938745922435664,127,1208.610656034795
Q de Kock,3444,2.732238349885409,0.5828877005347594,1.1707410236822002,110,1206.4337853323145
KA Pollard,3437,2.4327748263179405,1.9840621168778096,1.2280343277482633,129,1204.2006129955046
Ishan Kishan,3418,2.8692307692307693,0.680161943319838,1.2133603238866397,112,1197.396012145749
DA Miller,3251,2.266155758077879,1.4548467274233636,1.2265948632974317,94,1138.9528272576636
YK Pathan,3222,2.582262210796915,1.3547557840616966,1.2125107112253641,111,1128.8590188517564
N Rana,3078,2.816551426101988,0.7990492653414002,1.1490924805531546,113,1078.3937662057044
WP Saha,2934,2.6841216216216215,0.9037162162162162,1.052364864864865,121,1027.9622466216215
HH Pandya,2904,2.4942112879884224,1.7708634828750602,1.2233478051133624,106,1017.6223950795948
BB McCullum,2882,2.761443661971831,0.6153169014084507,1.1324823943661972,106,1009.7399207746479
PA Patel,2848,2.763308763308763,0.5724815724815725,0.9852579852579852,127,997.8023751023751
GJ Maxwell,2820,3.276107594936709,0.995253164556962,1.2647679324894514,117,988.2710311181434
RD Gaikwad,2795,2.4858223062381852,0.6450850661625709,1.216446124763705,70,979.2437618147447
MA Agarwal,2764,3.0041938490214353,0.6281453867660765,1.0824790307548928,119,968.4931733457595
Yuvraj Singh,2754,2.497734481196194,1.2174898051653829,1.0598096964204804,109,964.9798935206163
V Sehwag,2728,3.3229678123295145,0.4920894708128751,1.3229678123295145,98,955.9937534097107
AD Russell,2655,2.8954489544895448,1.9366543665436655,1.454489544895449,92,930.6520910209101
M Vijay,2619,2.5824275362318843,0.5901268115942029,1.0253623188405796,97,917.6187047101449
SPD Smith,2495,2.3326663331665833,1.030015007503752,1.1060530265132567,78,874.2603801900951
SE Marsh,2489,2.462362780972295,0.6774699424986932,1.195504443282802,65,872.1401855723994
YBK Jaiswal,2481,3.0332933413317336,0.5278944211157769,1.3347330533893222,71,869.480848830234
N Pooran,2477,2.877044025157233,1.4037735849056603,1.3880503144654088,79,868.2276257861636
JH Kallis,2427,2.178524661719773,0.7634220864251419,0.9262330859886513,89,850.3325621999127
DR Smith,2385,2.762895174708819,0.6888519134775375,1.1702717692734332,81,835.8125485302274
SR Tendulkar,2334,2.264187866927593,0.6340508806262231,1.0675146771037183,71,817.8063600782777
Abhishek Sharma,2297,3.449402670414617,0.7196064652143359,1.4392129304286718,79,805.2441145467322
B Sai Sudharsan,2294,2.580545229244114,0.5588599752168525,1.3451053283767038,47,803.9259293680298
RA Tripathi,2291,2.917691857059168,0.7100175746924429,1.1470415934387814,86,802.9508347978909
MP Stoinis,2205,2.6143497757847536,1.5073670723894939,1.244714926329276,78,772.95400384369
R Dravid,2174,2.375391032325339,0.656934306569343,0.9827945776850886,77,761.8217935349322
D Padikkal,2173,2.7839650145772596,0.6239067055393586,1.1043731778425656,82,761.5916472303207
KS Williamson,2132,2.2517301038062283,0.8863898500576701,1.1084198385236448,59,747.1618944636677
AJ Finch,2092,2.6910377358490565,0.7948113207547169,1.0731132075471699,84,733.2463443396225
AC Gilchrist,2069,2.9360128617363346,0.5633440514469453,1.180064308681672,76,725.2326848874598
JP Duminy,2029,1.8955357142857143,1.2904761904761906,1.1226190476190476,49,711.1065029761905
S Dube,2024,2.465194109772423,1.3427041499330656,1.2275769745649263,66,709.5303547523426
AR Patel,2016,2.59823677581864,1.6977329974811084,1.0308564231738035,98,706.7952770780855
H Klaasen,1988,2.670255183413078,1.2496012759170654,1.4609250398724083,46,697.0096690590111
MEK Hussey,1977,2.2575849514563107,0.6614077669902912,1.0946601941747574,52,692.865609830097
KH Pandya,1897,2.602642276422764,1.4959349593495934,1.0738482384823849,84,665.1146172086719
PP Shaw,1892,3.3444360333081,0.522331566994701,1.194549583648751,77,663.3794852384557
SP Narine,1820,3.9397283531409166,0.9151103565365025,1.268251273344652,98,638.4216044142614
DPMD Jayawardene,1808,2.3751642575558476,0.9159001314060446,1.057161629434954,64,633.7884034165571
R Parag,1777,2.7241379310344827,1.2804597701149425,1.1563218390804597,69,623.1183908045975
Tilak Varma,1760,2.5188976377952756,1.0094488188976378,1.2700787401574802,48,617.0856299212599
P Simran Singh,1737,3.3248686514886163,0.5840630472854641,1.308231173380035,61,609.1596760070051
KK Nair,1712,2.902027027027027,0.8295795795795796,1.06006006006006,74,600.3034346846846
Mandeep Singh,1706,2.771861777150917,1.0627644569816643,0.9534555712270804,85,598.1962094499294
MK Tiwary,1695,2.0916722632639355,1.280053727333781,0.9885829415715245,61,594.2266453995969
KC Sangakkara,1687,2.6309691011235956,0.7148876404494382,1.0077247191011236,69,591.452264747191
JM Bairstow,1674,2.8911939034716343,0.5867908552074513,1.265029635901778,50,586.9931625740896
AK Markram,1671,2.672863924050633,0.7958860759493671,1.1447784810126582,55,585.9063488924049
MR Marsh,1669,2.8917785234899327,0.8078859060402684,1.2307046979865772,57,585.2806627516778
SO Hetmyer,1566,2.432882882882883,2.0243243243243243,1.2306306306306307,59,549.3592117117116
DJ Bravo,1560,2.3821170809943863,1.7554129911788292,1.0529270248596632,69,547.1571972734562
NV Ojha,1554,2.4665441176470586,1.2154411764705881,0.9367647058823529,74,544.9470772058822
VR Iyer,1509,2.7278314310798946,0.7576821773485514,1.1685689201053555,51,529.2172080772607
TM Head,1507,3.349676724137931,0.5969827586206896,1.4612068965517242,45,528.6990571120689
DJ Hooda,1497,2.8998351195383347,1.282769991755977,0.955482275350371,82,525.1226092333059
SS Tiwary,1494,2.125484120836561,1.1572424477149497,1.0278853601859024,50,523.8683965917893
RM Patidar,1448,3.154535864978903,0.6993670886075949,1.3776371308016877,46,508.00403481012654
S Badrinath,1441,2.147389558232932,1.1052208835341366,1.0240963855421688,48,505.31271084337345
EJG Morgan,1406,2.4208298052497885,1.3124470787468248,1.008467400508044,61,493.16939034716336
BJ Hodge,1400,2.1105810928013877,1.4163052905464006,1.0815264527320034,46,491.027211621856
RK Singh,1389,2.279279279279279,1.7147147147147148,1.2492492492492493,42,487.3126126126126
SC Ganguly,1349,2.166289592760181,0.755656108597285,0.9004524886877828,54,473.0227941176471
CA Lynn,1329,2.759240246406571,0.5770020533880903,1.2207392197125257,39,466.1993583162218
DJ Hussey,1322,2.379200726612171,1.0690281562216166,1.0345140781108084,49,463.71550862851956
PD Salt,1258,3.5549597855227884,0.4959785522788204,1.522788203753351,38,441.5924932975871
V Shankar,1233,2.3578680203045685,1.3746192893401015,1.083248730964467,46,432.631040609137
R Tewatia,1208,2.252960172228202,2.193756727664155,1.107642626480086,52,424.0235199138859
KM Jadhav,1208,2.292490118577075,1.6640316205533596,0.9881422924901185,54,423.9035573122529
MM Ali,1167,2.970520231213873,1.0543352601156069,1.1248554913294797,51,409.62846820809244
TM Dilshan,1153,2.212989493791786,0.8357211079274116,0.9990448901623686,41,404.4702005730659
IK Pathan,1150,2.1802030456852792,1.83248730964467,1.0,53,403.6115482233502
A Badoni,1135,2.438150289017341,1.6034682080924856,1.1445086705202312,44,398.4091329479769
ML Hayden,1107,2.501787842669845,0.6233611442193087,1.269368295589988,28,388.4539928486293
M Vohra,1083,2.9687137891077637,0.608342989571263,1.0498261877172654,48,380.1238122827346
JM Sharma,1081,3.069577080491132,1.5593451568894952,1.2005457025920874,48,379.6693724420191
TH David,1080,2.504594180704441,2.4027565084226645,1.5099540581929556,32,379.40869065849927
DP Conway,1080,2.5201511335012596,0.6146095717884131,1.278337531486146,25,379.00862720403023
LMP Simmons,1079,2.3120728929384966,0.6002277904328018,1.1298405466970387,27,378.5740318906606
LS Livingstone,1066,3.0806896551724137,1.146206896551724,1.2744827586206897,42,374.3543103448275
LRPL Taylor,1017,2.434474616292798,1.1534828807556081,1.037780401416765,41,356.99687131050763
KP Pietersen,1001,2.5910290237467017,0.6926121372031663,1.1794195250659631,29,351.37216358839044
MC Henriques,1000,2.469413233458177,1.1785268414481898,1.0536828963795255,38,351.06379525593013
SM Curran,997,2.57161629434954,1.480946123521682,1.1064388961892246,41,350.11038107752955
Dhruv Jurel,994,2.63568215892054,1.5982008995502248,1.3043478260869565,32,349.13943028485755
Y Venugopal Rao,985,2.246820809248555,1.3502890173410405,0.9722543352601156,42,345.77621387283233
T Stubbs,982,2.284090909090909,1.562121212121212,1.3636363636363635,22,344.85617424242423
JA Morkel,975,2.3588483146067416,2.199438202247191,1.1601123595505618,40,342.51162219101127
A Symonds,974,2.1235595390524966,1.1587708066581306,1.1498079385403328,26,341.8926056338028
C Green,971,2.7390648567119156,0.951734539969834,1.3242835595776772,27,340.9899698340874
CL White,971,2.4186046511627906,1.1873385012919897,1.065891472868217,35,340.90529715762267
BA Stokes,935,2.8934540389972145,0.9749303621169917,1.0612813370473537,41,328.38060584958214
Priyansh Arya,887,4.11407249466951,0.43070362473347545,1.671641791044776,28,311.898987206823
HH Gibbs,886,2.2114695340501793,0.6642771804062126,0.9498207885304659,32,310.9756869772998
STR Binny,880,2.6535714285714285,1.6071428571428572,1.0042857142857142,44,309.1856785714286
Shashank Singh,847,2.4204339963833634,1.7432188065099457,1.3960216998191681,22,297.68295660036165
Harbhajan Singh,833,2.868710691823899,2.5943396226415096,0.9669811320754716,56,292.9794418238993
R Ashwin,833,2.85989010989011,2.0398351648351647,0.7774725274725275,63,292.828434065934
Abdul Samad,815,3.0804195804195804,2.1346153846153846,1.0874125874125875,46,286.66451048951046
Washington Sundar,807,2.5484126984126982,1.8412698412698412,1.0571428571428572,39,283.6667857142857
A Raghuvanshi,803,2.7762478485370052,0.7452667814113597,1.2203098106712564,25,282.1371772805507
MS Bisla,798,2.548168249660787,0.6621438263229308,0.9620081411126187,37,280.2618724559023
Shakib Al Hasan,795,2.517293233082707,1.5593984962406016,0.9774436090225563,40,279.3866917293233
N Wadhera,784,2.921097770154374,0.9365351629502573,1.1440823327615781,32,275.54639794168094
M Shahrukh Khan,775,2.7295825771324864,1.8457350272232305,1.1687840290381126,34,272.5352994555354
RD Rickelton,770,3.268421052631579,0.5368421052631579,1.4463157894736842,21,270.7137368421052
ST Jayasuriya,768,3.019197207678883,0.5130890052356021,1.2181500872600348,29,269.9010471204188
SN Khan,746,2.897482014388489,1.4676258992805755,1.0719424460431655,36,262.33228417266184
GC Smith,739,2.3523878437047756,0.6743849493487699,0.9406657018813314,30,259.56110709117223
AD Mathews,724,2.184474123539232,1.8447412353923205,1.018363939899833,31,254.5187395659432
Nithish Kumar Reddy,709,2.7624521072796937,1.0402298850574712,1.1590038314176245,26,249.28045977011493
Abishek Porel,696,3.348178137651822,0.6680161943319838,1.131578947368421,31,244.79696356275304
Naman Dhir,695,3.0186046511627906,1.486046511627907,1.4116279069767441,23,244.5841860465116
V Suryavanshi,692,4.399068322981367,0.4440993788819876,1.9223602484472049,18,243.77305900621118
TL Suman,676,2.4770017035775127,1.0562180579216354,0.938671209540034,30,237.6182282793867
AM Nayar,672,2.625,1.4948979591836735,0.8962585034013606,39,236.334481292517
GJ Bailey,663,2.3768115942028984,1.4764492753623188,0.9909420289855072,29,233.13768115942028
E Lewis,654,2.843687374749499,0.6492985971943888,1.160320641282565,24,229.97284569138276
PJ Cummins,641,2.9700460829493087,2.5230414746543777,1.163594470046083,35,225.82983870967743
PP Chawla,624,2.7767241379310343,2.5879310344827586,0.6517241379310345,57,219.7421120689655
Rashid Khan,620,3.4021479713603817,3.0047732696897373,1.0501193317422435,45,218.6615155131265
CH Morris,618,2.6610169491525424,2.6779661016949152,1.2033898305084745,29,217.7415254237288
JJ Roy,614,2.733695652173913,0.6021739130434782,1.2173913043478262,19,215.9473369565217
JD Ryder,604,3.1545064377682404,0.6909871244635193,1.0407725321888412,29,212.5349785407725
Shahbaz Ahmed,603,2.3333333333333335,1.746124031007752,0.9709302325581395,30,212.1767441860465
HM Amla,577,2.4677033492822966,0.7607655502392344,1.2799043062200957,13,202.9750598086124
CJ Anderson,538,2.477064220183486,1.2706422018348624,1.0298165137614679,22,189.3793577981651
RS Bopara,531,2.173076923076923,1.0876068376068375,0.9871794871794872,19,186.80822649572647
WG Jacks,530,3.359598853868195,0.5587392550143266,1.2951289398280803,19,186.71067335243552
D Brevis,529,3.1263297872340425,0.7606382978723404,1.1835106382978724,21,186.32041223404252
Ashutosh Sharma,528,2.6327433628318584,2.3569321533923304,1.3657817109144543,20,186.20272861356932
MK Lomror,527,3.1568123393316196,1.6066838046272494,1.0668380462724936,30,185.77390745501285
JP Faulkner,527,2.3669950738916254,2.6083743842364533,1.019704433497537,28,185.7673645320197
M Manhas,514,2.006172839506173,1.6296296296296295,0.8724279835390947,24,180.90195473251026
Gurkeerat Singh,511,2.5,1.6123853211009174,0.9311926605504587,27,179.98371559633026
OA Shah,506,1.8320987654320988,1.6888888888888889,1.1975308641975309,13,178.13530864197529
PC Valthaty,505,2.6574074074074074,0.7384259259259259,0.9930555555555556,22,177.76064814814816
SW Billings,503,3.026315789473684,0.9874686716791979,1.005012531328321,26,177.2050751879699
SE Rutherford,500,2.5633423180592994,1.8814016172506738,1.1832884097035041,22,176.25377358490567
R Powell,486,2.7787114845938374,1.887955182072829,1.1092436974789917,24,171.39411764705883
RR Rossouw,473,3.4080996884735204,0.8753894080996885,1.1993769470404985,21,166.81697819314638
DT Christian,460,2.3394607843137254,2.1348039215686274,0.8382352941176471,28,162.17947303921568
A Mhatre,441,3.58,0.532,1.584,12,155.6682
NLTC Perera,424,2.688650306748466,2.205521472392638,1.0460122699386503,24,149.72246932515336
Sameer Rizvi,424,2.695723684210526,1.0953947368421053,1.2335526315789473,14,149.5397203947368
SA Asnodkar,423,2.9005681818181817,0.5028409090909091,1.0426136363636365,19,149.08423295454543
JR Hopes,417,2.8964968152866244,0.8980891719745223,1.10828025477707,17,147.07539808917196
C Connolly,415,2.7644787644787643,0.8223938223938224,1.5135135135135136,8,146.40830115830116
R Ravindra,413,3.1677852348993287,0.5067114093959731,1.174496644295302,16,145.67818791946308
J Botha,409,2.456043956043956,1.4807692307692308,0.8626373626373627,22,144.23269230769228
LR Shukla,405,2.7430167597765363,1.958100558659218,0.8016759776536313,29,142.9877094972067
AL Menaria,401,2.550408719346049,1.1743869209809263,0.8337874659400545,22,141.3892370572207
MV Boucher,394,2.1179245283018866,1.8396226415094339,1.0723270440251573,15,139.01187106918238
CA Pujara,390,2.142679900744417,0.8511166253101737,0.8213399503722084,18,137.37016129032259
Azhar Mahmood,388,2.712218649517685,1.3729903536977492,1.0096463022508038,19,136.95458199356912
J Fraser-McGurk,385,4.307881773399015,0.5221674876847291,1.6551724137931034,14,136.2624384236453
A Mishra,381,1.8988636363636364,2.3227272727272728,0.6045454545454545,31,134.41017045454547
KR Mayers,379,2.9746376811594204,0.5253623188405797,1.2246376811594204,13,133.74365942028984
JP Inglis,376,3.650462962962963,0.6990740740740741,1.5138888888888888,12,132.95520833333333
DB Ravi Teja,375,2.4646153846153847,1.6092307692307692,0.9261538461538461,20,132.3732307692308
S Sohal,368,2.9115755627009645,0.6205787781350482,0.9967845659163987,18,129.85136655948548
P Negi,365,2.7674418604651163,2.4219269102990033,0.8704318936877077,26,129.1003322259136
Rahmanullah Gurbaz,363,3.139575971731449,0.5724381625441696,1.1201413427561837,17,128.17340989399293
B Kumar,354,2.110969387755102,3.2066326530612246,0.5102040816326531,37,125.17110969387755
KV Sharma,352,2.5716612377850163,2.3680781758957656,0.8306188925081434,25,124.48265472312703
DJ Mitchell,351,2.708029197080292,0.7992700729927007,1.0912408759124088,13,123.90510948905109
R Bhatia,342,3.086206896551724,2.3655172413793104,0.7275862068965517,29,121.0901724137931
P Kumar,340,2.6424148606811144,3.136222910216718,0.5975232198142415,34,120.40735294117646
SN Thakur,339,3.356060606060606,2.4431818181818183,0.8295454545454546,28,120.1435606060606
AP Tare,339,3.450877192982456,0.8771929824561403,0.8596491228070176,24,119.86008771929824
RN ten Doeschate,326,2.7247899159663866,2.23109243697479,1.0630252100840336,17,115.44002100840335
JEC Franklin,327,1.9255663430420713,1.103559870550162,0.9288025889967637,11,115.33786407766989
Anuj Rawat,318,2.2934782608695654,1.4057971014492754,1.0,14,112.35452898550724
JO Holder,317,2.797348484848485,2.553030303030303,0.8068181818181818,24,112.32130681818181
Aniket Verma,315,3.324390243902439,1.6195121951219513,1.2634146341463415,15,111.65768292682927
R Vinay Kumar,310,2.36159169550173,2.9930795847750864,0.7197231833910035,26,109.83295847750864
Lalit Yadav,305,2.1129568106312293,1.3056478405315615,0.8538205980066446,15,107.71013289036544
DB Das,304,2.0243445692883895,1.6142322097378277,0.9775280898876404,12,107.42443820224719
C de Grandhomme,303,2.6222707423580784,2.0,1.056768558951965,15,107.31692139737991
LA Pomersbach,302,2.3685258964143427,1.0637450199203187,1.095617529880478,11,106.72400398406373
Ramandeep Singh,299,3.1132075471698113,1.778301886792453,1.1037735849056605,16,106.00471698113206
UBT Chand,300,2.6353503184713376,0.7802547770700637,0.7229299363057324,20,105.95947452229301
DJG Sammy,295,2.4163346613545817,1.6812749003984064,0.9641434262948207,15,104.3831673306773
SP Goswami,293,2.6726384364820848,0.7752442996742671,0.6905537459283387,20,103.51131921824104
A Manohar,292,2.882716049382716,1.7489711934156378,0.8518518518518519,19,103.44084362139917
Y Nagar,285,1.9907749077490775,1.9409594095940959,0.8634686346863468,15,100.80857933579335
GH Vihari,284,2.219033232628399,1.1570996978851964,0.6132930513595166,20,100.30883685800603
JC Archer,281,3.174757281553398,2.8398058252427183,0.9271844660194175,21,99.89708737864078
VVS Laxman,282,2.736162361623616,0.6014760147601476,0.7970479704797048,16,99.66374538745387
HV Patel,280,3.342,2.676,0.584,30,99.4875
A Ashish Reddy,280,2.704081632653061,2.704081632653061,1.086734693877551,15,99.43418367346939
B Chipli,280,2.615234375,1.17578125,0.828125,16,99.05458984375001
P Nissanka,278,3.4722222222222223,0.4666666666666667,1.3111111111111111,10,98.52361111111111
MJ Lumb,278,3.1085858585858586,0.5202020202020202,1.2474747474747474,10,98.43068181818181
PBB Rajapaksa,277,3.281094527363184,0.5572139303482587,1.164179104477612,12,98.11455223880594
PK Garg,273,3.0870445344129553,0.9878542510121457,0.7854251012145749,19,96.67641700404857
MJ Guptill,271,3.3045685279187818,0.5634517766497462,1.0964467005076142,12,96.00812182741116
R Sathish,270,2.4004237288135593,2.0211864406779663,0.8813559322033898,16,95.68061440677965
R Shepherd,268,3.1180124223602483,2.484472049689441,1.3975155279503106,12,95.35590062111802
Atharva Taide,260,3.0691489361702127,0.40425531914893614,1.2340425531914894,9,92.09494680851064
M Kaif,259,2.5271317829457365,1.058139534883721,0.7751937984496124,16,91.64844961240308
K Rabada,250,2.1639676113360324,2.554655870445344,0.7327935222672065,19,88.69848178137651
K Gowtham,247,3.981132075471698,2.358490566037736,1.0817610062893082,18,88.13333333333333
Harpreet Brar,244,1.8738317757009346,2.710280373831776,0.9345794392523364,13,86.59742990654203
D Ferreira,242,3.0436241610738257,1.8053691275167785,1.3691275167785235,9,86.0958053691275
SM Katich,241,2.832460732984293,0.7382198952879581,1.068062827225131,10,85.4193717277487
BCJ Cutting,238,2.791095890410959,3.0753424657534247,1.3424657534246576,11,84.88133561643836
MD Mishra,237,3.007042253521127,0.8450704225352113,0.8403755868544601,15,84.0388497652582
FH Allen,228,4.548672566371682,0.49557522123893805,1.7345132743362832,8,81.38318584070795
Mohammad Nabi,221,3.6751592356687897,2.286624203821656,0.9426751592356688,17,78.91464968152866
K Goel,218,2.3410041841004183,0.9832635983263598,0.6861924686192469,14,77.21914225941423
AA Jhunjhunwala,217,2.4724770642201834,1.2522935779816513,0.7568807339449541,14,76.96995412844035
SB Dubey,210,2.9661654135338344,2.18796992481203,1.300751879699248,9,74.9392857142857
R Dhawan,210,1.675531914893617,2.6595744680851063,0.8882978723404256,10,74.62845744680851
Kuldeep Yadav,210,1.1064638783269962,3.0342205323193916,0.6045627376425855,15,74.50437262357416
UT Yadav,208,2.2393364928909953,3.4549763033175354,0.5545023696682464,21,74.1617298578199
CA Ingram,205,2.7049180327868854,1.2295081967213115,0.8415300546448088,12,72.84043715846995
PD Collingwood,203,1.9245283018867925,1.2389937106918238,1.2138364779874213,4,72.02169811320755
JD Unadkat,201,2.2485549132947975,3.0346820809248554,0.8265895953757225,14,71.68439306358381
KS Bharat,199,2.431547619047619,0.7738095238095238,1.0357142857142858,7,70.61979166666664
SK Warne,198,2.3036529680365296,2.442922374429224,0.5251141552511416,19,70.46952054794521
SP Fleming,196,2.7660818713450293,0.5380116959064327,0.9590643274853801,9,69.5909356725146
AS Raut,194,2.104651162790698,2.372093023255814,0.8662790697674418,11,69.07383720930231
BJ Rohrer,193,2.5993150684931505,1.1643835616438356,1.1643835616438356,7,68.6655821917808
Salman Butt,193,2.4040697674418605,0.5930232558139535,1.0232558139534884,7,68.47427325581394
YV Takawale,192,2.273224043715847,0.7868852459016393,0.912568306010929,8,68.10819672131146
M Jansen,190,2.2625698324022347,2.8491620111731844,0.7653631284916201,15,67.78854748603352
HC Brook,190,2.6949685534591197,1.0251572327044025,0.9874213836477987,9,67.57625786163523
Bipul Sharma,187,1.967741935483871,3.0080645161290325,1.2903225806451613,6,66.80161290322582
SD Hope,183,3.432,0.728,1.168,8,65.2872
MS Wade,183,2.954054054054054,0.572972972972973,0.8108108108108109,13,65.06527027027026
CR Brathwaite,181,3.8291666666666666,2.7,1.0666666666666667,14,65.060625
FY Fazal,183,2.2905027932960893,1.0,0.9050279329608939,9,65.0036312849162
Sikandar Raza,182,2.5104895104895104,1.2447552447552448,1.0909090909090908,7,64.79475524475524
AC Voges,181,2.1853146853146854,1.5244755244755244,1.118881118881119,6,64.425
S Gopal,180,2.239884393063584,2.398843930635838,0.6994219653179191,13,64.17962427745664
Urvil Patel,178,5.146341463414634,0.4878048780487805,1.7804878048780488,7,64.04024390243902
AB Agarkar,179,1.80625,2.24375,0.95625,8,63.74156249999999
MF Maharoof,177,2.8266129032258065,2.661290322580645,1.0564516129032258,10,63.40020161290322
C Munro,177,3.0625,0.6875,0.9722222222222222,9,63.04756944444444
Kartik Sharma,173,2.2062937062937062,1.3146853146853146,1.020979020979021,6,61.56870629370629
DH Yagnik,170,2.323943661971831,2.112676056338028,1.0,9,60.70352112676056
CM Gautam,169,2.3354430379746836,1.3860759493670887,0.9746835443037974,9,60.20601265822784
DW Steyn,167,3.1564417177914113,3.5092024539877302,0.4233128834355828,22,60.02561349693251
MG Johnson,167,1.9732142857142858,3.2023809523809526,0.6726190476190477,14,59.71830357142857
MN van Wyk,167,1.7740740740740741,1.2740740740740741,1.1851851851851851,3,59.38537037037036
PA Reddy,164,2.6706586826347305,0.5988023952095808,0.7305389221556886,10,58.33353293413173
N Jagadeesan,162,2.6,0.8387096774193549,0.8387096774193549,9,57.68548387096773
MN Samuels,161,2.6810344827586206,0.8620689655172413,0.6551724137931034,12,57.32370689655172
RE van der Merwe,159,2.954861111111111,1.5694444444444444,0.7638888888888888,12,56.855381944444446
R McLaren,159,1.7219101123595506,1.4831460674157304,0.7415730337078652,8,56.5254213483146
V Nigam,157,3.1684782608695654,2.0434782608695654,1.4456521739130435,6,56.439945652173904
MD Choudhary,156,2.0871559633027523,2.4128440366972477,1.238532110091743,5,55.85206422018348
MW Short,153,2.8405797101449277,0.5434782608695652,0.9057971014492754,8,54.55
JG Bethell,152,3.5398230088495577,0.49557522123893805,1.0884955752212389,8,54.401769911504424
J Overton,151,2.3877551020408165,2.3979591836734695,1.3877551020408163,5,54.20408163265305
D Wiese,148,2.2095238095238097,2.6666666666666665,1.2190476190476192,6,53.1295238095238
AD Hales,148,2.8823529411764706,0.48739495798319327,1.0252100840336134,6,52.82310924369747
SM Pollock,147,2.814655172413793,1.6206896551724137,0.9827586206896551,8,52.67435344827586
S Vidyut,145,3.3130434782608695,0.6347826086956522,1.008695652173913,8,51.90695652173913
Sachin Baby,144,2.7398373983739837,2.097560975609756,0.8373983739837398,10,51.671951219512195
N Saini,140,3.0104895104895104,0.7622377622377622,0.6293706293706294,11,50.03094405594406
Anmolpreet Singh,139,3.4017094017094016,0.6068376068376068,0.8205128205128205,9,49.78589743589744
S Anirudha,136,2.409090909090909,1.859504132231405,1.024793388429752,8,48.77913223140495
MJ Santner,136,1.996212121212121,2.128787878787879,0.8560606060606061,8,48.69602272727272
GD Phillips,132,3.267857142857143,1.9107142857142858,0.7232142857142857,11,47.543749999999996
SB Styris,131,2.2276119402985075,1.0895522388059702,0.7761194029850746,7,46.78003731343283
RD Chahar,129,2.97244094488189,3.4015748031496065,0.4094488188976378,16,46.65531496062992
W Jaffer,130,2.60077519379845,0.5348837209302325,0.8062015503875969,7,46.41841085271318
Kamran Akmal,128,3.1666666666666665,1.1538461538461537,1.435897435897436,4,46.10961538461538
M Morkel,126,3.360215053763441,3.2580645161290325,0.8064516129032258,11,45.75295698924731
Arshad Khan,127,2.3020833333333335,2.4895833333333335,1.1145833333333333,6,45.74635416666667
P Dogra,127,2.50354609929078,1.950354609929078,0.5035460992907801,12,45.56666666666666
TK Curran,127,2.0231481481481484,1.7962962962962963,0.9722222222222222,5,45.50949074074074
UT Khawaja,127,2.7857142857142856,0.4380952380952381,1.0380952380952382,5,45.44166666666666
SS Prabhudessai,126,3.079646017699115,1.168141592920354,0.8141592920353983,9,45.266371681415926
MM Sharma,125,3.0535714285714284,2.642857142857143,0.35,17,45.111964285714286
B Lee,124,2.6372549019607843,3.2745098039215685,0.8137254901960784,10,44.876960784313724
DL Chahar,124,3.0483870967741935,2.204301075268817,1.021505376344086,8,44.80725806451613
BB Samantray,125,2.0689655172413794,1.25,0.9224137931034483,5,44.70172413793103
MC Juneja,125,2.3059701492537314,0.7985074626865671,0.7686567164179104,7,44.63992537313433
AB McDonald,123,1.8155339805825244,2.378640776699029,1.0194174757281553,5,44.18349514563107
Harpreet Singh,123,2.088235294117647,1.4453781512605042,0.8235294117647058,6,44.02584033613445
DL Vettori,121,2.042372881355932,1.9576271186440677,0.8983050847457628,7,43.43177966101695
TG Southee,120,2.7777777777777777,2.8703703703703702,0.6296296296296297,11,43.394444444444446
AC Blizzard,120,3.576923076923077,0.6483516483516484,1.0,7,43.2239010989011
NK Patel,121,1.935483870967742,1.0725806451612903,0.8548387096774194,5,43.21935483870967
Misbah-ul-Haq,117,4.237804878048781,1.2926829268292683,0.9634146341463414,9,42.46067073170732
KK Cooper,116,4.442857142857143,2.5142857142857142,1.1,9,42.433571428571426
RJ Harris,117,2.7723214285714284,2.9464285714285716,0.5267857142857143,12,42.33772321428571
Z Khan,117,2.3865248226950353,3.0354609929078014,0.3262411347517731,15,42.21897163120567
Mohammed Shami,115,3.9094827586206895,3.3448275862068964,0.25862068965517243,19,41.94806034482759
Aman Hakim Khan,115,2.738532110091743,1.81651376146789,0.7431192660550459,9,41.44655963302752
DJM Short,115,3.122549019607843,0.5686274509803921,0.8627450980392157,7,41.316911764705885
Suryansh Shedge,113,3.610294117647059,1.4411764705882353,1.3235294117647058,5,41.005514705882355
M Kartik,113,1.9036697247706422,2.5137614678899083,0.7706422018348624,7,40.68279816513762
Mohammed Siraj,112,1.5534351145038168,3.6564885496183206,0.5190839694656488,11,40.42347328244275
S Arora,111,3.418918918918919,2.391891891891892,1.0675675675675675,7,40.39662162162161
MA Starc,111,2.2663934426229506,2.7049180327868854,0.5573770491803278,11,40.06905737704918
DJ Harris,111,2.0825242718446604,0.5242718446601942,1.0097087378640777,3,39.67742718446601
LJ Wright,106,2.992063492063492,2.238095238095238,1.4285714285714286,4,38.5813492063492
JDP Oram,106,2.286363636363636,1.9545454545454546,0.6363636363636364,8,38.18977272727272
DS Kulkarni,104,1.7345132743362832,3.274336283185841,0.584070796460177,9,37.60530973451327
RJ Quiney,103,2.795238095238095,0.6857142857142857,0.7523809523809524,7,37.036428571428566
MS Gony,99,3.4210526315789473,2.986842105263158,0.8026315789473685,9,36.26315789473684
Azmatullah Omarzai,99,3.857142857142857,1.3376623376623376,0.8051948051948052,8,36.042857142857144
SD Chitnis,99,2.635869565217391,1.7608695652173914,0.75,7,35.81114130434783
MJ Clarke,98,2.8333333333333335,0.5208333333333334,0.7708333333333334,6,35.266666666666666
CJ Ferguson,98,1.911764705882353,1.1680672268907564,0.5966386554621849,6,35.13088235294118
PN Mankad,97,2.493333333333333,0.8933333333333333,1.1866666666666668,3,34.98933333333333
TA Boult,93,2.4166666666666665,3.2666666666666666,0.6,9,33.927499999999995
JDS Neesham,92,2.5806451612903225,2.10752688172043,0.5913978494623656,8,33.38494623655914
PHKD Mendis,92,2.5694444444444446,1.4722222222222223,1.1388888888888888,4,33.36458333333333
Himmat Singh,92,1.8581081081081081,2.0405405405405403,1.1891891891891893,3,33.31047297297297
PR Shah,92,2.829896907216495,1.309278350515464,0.6597938144329897,8,33.30128865979381
AJ Tye,91,2.7911392405063293,2.9367088607594938,0.810126582278481,8,33.29715189873418
DJ Jacobs,92,2.767326732673267,0.6633663366336634,0.6633663366336634,7,33.15717821782177
S Rana,91,2.0304878048780486,2.317073170731707,0.8658536585365854,5,32.99420731707316
AD Nath,90,3.186868686868687,1.404040404040404,0.41414141414141414,10,32.66035353535353
RT Ponting,91,2.302325581395349,0.6124031007751938,0.49612403100775193,8,32.64728682170542
SL Malinga,88,2.383495145631068,3.621359223300971,0.33980582524271846,12,32.18810679611651
Ankit Sharma,87,3.369565217391304,2.1159420289855073,0.782608695652174,7,31.872101449275362
Iqbal Abdulla,88,0.5872093023255814,2.4767441860465116,1.069767441860465,1,31.656104651162785
MJ McClenaghan,85,4.061643835616438,2.904109589041096,0.5068493150684932,11,31.447602739726022
AP Majumdar,87,2.720779220779221,0.5454545454545454,0.9090909090909091,4,31.421103896103897
Shahid Afridi,81,6.282608695652174,1.4130434782608696,0.9130434782608695,8,30.38586956521739
NM Coulter-Nile,82,3.4266666666666667,3.0933333333333333,0.48,10,30.27133333333333
RE Levi,83,3.385135135135135,0.6486486486486487,0.7972972972972973,6,30.185472972972967
PWH de Silva,81,4.205263157894737,2.568421052631579,0.09473684210526316,16,29.933947368421048
CJ Jordan,81,2.5864197530864197,3.382716049382716,0.5679012345679012,9,29.786728395061726
WPUJC Vaas,81,2.7260273972602738,2.671232876712329,0.6712328767123288,7,29.699999999999996
LA Carseldine,81,2.267605633802817,1.0,1.0140845070422535,3,29.31971830985915
RV Patel,80,2.125,2.1973684210526314,0.7763157894736842,5,29.125986842105263
AD Mascarenhas,79,3.588607594936709,2.151898734177215,0.3924050632911392,10,29.056012658227843
CR Woakes,78,1.7727272727272727,2.74025974025974,0.6883116883116883,5,28.4288961038961
B Akhil,76,3.807017543859649,2.526315789473684,0.7894736842105263,7,28.214912280701753
JR Philippe,78,2.4125,0.6,0.825,4,28.188124999999996
KA Jamieson,77,1.864864864864865,2.0945945945945947,0.9054054054054054,4,28.01621621621622
TR Birt,75,2.7966101694915255,2.457627118644068,0.9152542372881356,5,27.62372881355932
JJ Bumrah,75,2.101123595505618,3.3820224719101124,0.39325842696629215,9,27.530337078651684
IR Jaggi,76,1.885,1.01,0.59,5,27.39125
LH Ferguson,72,2.5510204081632653,3.3877551020408165,1.1428571428571428,4,26.743877551020407
M Klinger,73,2.423076923076923,0.5256410256410257,0.7307692307692307,4,26.40705128205128
RR Sarwan,73,2.1346153846153846,0.46153846153846156,0.7948717948717948,3,26.334935897435894
SK Rasheed,71,3.1343283582089554,0.6417910447761194,0.7611940298507462,5,25.91417910447761
J Suchith,70,2.2661290322580645,2.0806451612903225,0.9032258064516129,4,25.663306451612904
Avesh Khan,68,2.217391304347826,3.260869565217391,1.2826086956521738,3,25.263043478260865
Vivrant Sharma,69,2.4591836734693877,0.32653061224489793,1.3877551020408163,1,25.10765306122449
AA Bilakhia,69,1.7556818181818181,1.6818181818181819,0.6022727272727273,5,25.045738636363634
R Sharma,66,2.9740259740259742,3.7662337662337664,0.2077922077922078,11,24.638311688311685
RR Powar,67,1.0859375,3.3125,0.828125,3,24.549609375
AS Roy,65,3.990566037735849,2.30188679245283,0.6037735849056604,7,24.328773584905658
PR Veer,66,1.7040816326530612,1.653061224489796,1.3061224489795917,1,24.11785714285714
WD Parnell,65,2.627906976744186,2.8255813953488373,0.313953488372093,10,24.03488372093023
HR Shokeen,66,1.9104477611940298,1.373134328358209,0.8208955223880597,3,24.01641791044776
Mohammad Hafeez,64,2.994047619047619,1.0595238095238095,0.34523809523809523,8,23.429464285714285
C Bosch,63,2.0,3.048780487804878,1.2926829268292683,2,23.418292682926825
Anirudh Singh,63,2.2318840579710146,1.173913043478261,0.6666666666666666,4,22.976086956521737
SP Jackson,61,3.1666666666666665,2.1403508771929824,0.543859649122807,6,22.678508771929824
A Flintoff,62,1.8508771929824561,1.3157894736842106,1.087719298245614,2,22.643421052631577
Harshit Rana,59,3.324561403508772,2.5964912280701755,0.49122807017543857,7,22.09868421052631
Sandeep Sharma,60,1.2658227848101267,2.911392405063291,0.5443037974683544,5,22.00759493670886
S Aravind,59,1.347457627118644,2.847457627118644,0.8305084745762712,3,21.722457627118644
MG Bracewell,58,2.204081632653061,1.183673469387755,1.0816326530612246,2,21.30408163265306
I Sharma,57,2.119718309859155,3.0985915492957745,0.36619718309859156,7,21.172887323943662
Vishnu Vinod,56,3.4310344827586206,1.206896551724138,0.5,6,20.799137931034483
TU Deshpande,54,3.0657894736842106,3.3947368421052633,1.0526315789473684,4,20.555921052631575
WA Mota,56,1.9539473684210527,1.5921052631578947,0.5,5,20.50690789473684
A Kamboj,55,1.1702127659574468,3.297872340425532,1.1063829787234043,2,20.42340425531915
M Rawat,55,1.6928571428571428,2.5428571428571427,0.4857142857142857,5,20.27892857142857
RP Singh,52,4.012820512820513,3.58974358974359,-0.20512820512820512,15,19.880128205128205
PVD Chameera,53,1.4489795918367347,3.4081632653061225,0.8979591836734694,3,19.7734693877551
Shivam Mavi,51,3.4482758620689653,3.5,0.15517241379310345,9,19.44310344827586
DJ Willey,53,1.6015625,1.625,0.71875,3,19.419140624999997
A Chopra,53,2.3533333333333335,0.7466666666666667,0.44,5,19.375666666666667
Shoaib Malik,52,3.204081632653061,0.8571428571428571,0.7551020408163265,4,19.3234693877551
Swapnil Singh,51,3.4130434782608696,1.934782608695652,0.6086956521739131,5,19.21195652173913
R Rampaul,51,2.5288461538461537,2.6923076923076925,0.5961538461538461,5,19.139903846153846
KB Arun Karthik,51,2.69811320754717,2.207547169811321,0.7358490566037735,5,19.113207547169807
RV Gomez,50,3.1037735849056602,3.2264150943396226,0.4716981132075472,7,19.01556603773585
AS Yadav,49,4.725,2.975,0.425,7,19.011249999999997
OF Smith,51,1.54,2.98,0.86,3,19.003
A Nortje,49,2.4615384615384617,3.673076923076923,0.4230769230769231,6,18.584615384615386
VR Aaron,50,0.5753424657534246,3.643835616438356,0.4383561643835616,4,18.46027397260274
SB Bangar,49,2.939655172413793,1.8275862068965518,0.39655172413793105,6,18.329741379310345
AG Paunikar,49,2.8852459016393444,0.7377049180327869,0.5081967213114754,5,18.12049180327869
M Markande,48,1.6477272727272727,3.3863636363636362,0.8863636363636364,3,18.066477272727266
T Kohler-Cadmore,48,2.3703703703703702,0.7037037037037037,0.6296296296296297,3,17.659259259259255
D Pretorius,44,4.107142857142857,3.642857142857143,0.8571428571428571,4,17.326785714285712
Yashpal Singh,47,1.9179104477611941,1.2537313432835822,0.43283582089552236,4,17.266791044776117
DR Sams,44,5.333333333333333,2.5,-0.041666666666666664,10,17.224999999999998
Ravi Bishnoi,45,3.2464788732394365,3.1549295774647885,-0.09859154929577464,11,17.17288732394366
TL Seifert,45,4.3977272727272725,1.0909090909090908,0.45454545454545453,6,17.158522727272725
Sunny Singh,43,4.564516129032258,1.4838709677419355,0.7741935483870968,4,16.642741935483873
Rasikh Salam,43,3.104651162790698,2.604651162790698,0.4883720930232558,5,16.444767441860463
SK Trivedi,42,2.4262295081967213,3.7704918032786887,0.11475409836065574,8,16.08360655737705
Umar Gul,39,5.2105263157894735,3.6315789473684212,1.5263157894736843,3,15.984210526315788
MD Shanaka,42,2.723684210526316,1.8157894736842106,0.7368421052631579,3,15.891447368421051
AUK Pathan,39,5.961538461538462,2.1923076923076925,0.6538461538461539,5,15.709615384615383
A Nehra,41,2.2777777777777777,3.746031746031746,0.14285714285714285,8,15.697222222222223
AB Barath,42,2.1744186046511627,0.9069767441860465,0.7906976744186046,2,15.583139534883722
LPC Silva,40,3.314814814814815,1.5185185185185186,1.2222222222222223,2,15.376851851851853
BR Dunk,40,3.4305555555555554,0.6388888888888888,0.8055555555555556,3,15.146527777777779
S Nadeem,39,3.590909090909091,3.2386363636363638,-0.38636363636363635,16,15.118181818181817
MM Patel,39,2.7560975609756095,3.4390243902439024,0.36585365853658536,5,15.099999999999998
J Yadav,40,1.5394736842105263,2.710526315789474,0.8421052631578947,2,15.095394736842106
S Narwal,37,4.068965517241379,2.586206896551724,0.6551724137931034,4,14.61551724137931
DJ Thornely,39,2.175925925925926,0.5925925925925926,0.7037037037037037,3,14.453240740740739
N Sindhu,37,3.94,0.56,1.08,2,14.262999999999998
Joginder Sharma,36,3.433333333333333,3.4,0.5333333333333333,4,14.245
L Balaji,36,2.81,3.54,0.12,7,14.0345
Sohail Tanvir,36,3.2903225806451615,1.7419354838709677,0.8064516129032258,3,13.932258064516128
A Mithun,34,5.596153846153846,2.3461538461538463,0.46153846153846156,5,13.860576923076922
AN Ahmed,36,1.2222222222222223,3.4074074074074074,1.2222222222222223,1,13.831481481481482
YS Chahal,37,0.8370786516853933,2.943820224719101,0.14606741573033707,6,13.777247191011236
Anureet Singh,36,1.7872340425531914,2.978723404255319,0.425531914893617,4,13.727659574468086
M Ashwin,35,3.51,3.08,-0.1,8,13.7235
KW Richardson,36,2.2051282051282053,2.2051282051282053,0.5384615384615384,3,13.7
RA Bawa,35,2.84375,2.28125,0.625,3,13.5421875
AP Dole,34,2.8043478260869565,3.1739130434782608,1.0869565217391304,2,13.453260869565215
A Kumble,35,0.5,3.183673469387755,0.6530612244897959,2,13.14234693877551
B Sumanth,35,0.8026315789473685,2.473684210526316,0.8157894736842105,1,13.108552631578949
L Ronchi,34,3.0135135135135136,0.7837837837837838,0.5945945945945946,3,12.929054054054053
Imran Tahir,33,2.4054054054054053,3.27027027027027,0.3783783783783784,4,12.88108108108108
S Sreesanth,34,0.34210526315789475,3.736842105263158,0.5087719298245614,3,12.834649122807019
Navdeep Saini,33,2.5657894736842106,2.736842105263158,0.39473684210526316,4,12.817763157894737
D Salunkhe,33,1.8333333333333333,2.5416666666666665,1.1666666666666667,1,12.749999999999998
GF Linde,31,3.9285714285714284,3.7142857142857144,0.8095238095238095,3,12.73690476190476
G Coetzee,31,4.4393939393939394,3.0303030303030303,0.12121212121212122,6,12.590151515151513
Arshdeep Singh,32,2.204081632653061,3.673469387755102,0.1836734693877551,6,12.522448979591836
RJ Peterson,32,2.734375,2.21875,0.6875,3,12.464843749999998
AT Carey,32,1.706896551724138,3.3448275862068964,0.8275862068965517,2,12.461206896551722
T Taibu,31,3.923076923076923,1.5,0.6153846153846154,3,12.253846153846153
Basil Thampi,32,1.135135135135135,3.027027027027027,0.7027027027027027,2,12.229729729729728
Noor Ahmad,30,3.7777777777777777,3.3703703703703702,-0.35185185185185186,10,12.04814814814815
NS Naik,31,1.8113207547169812,1.9056603773584906,0.3018867924528302,4,11.744339622641508
S Sriram,31,2.289473684210526,0.5,0.7631578947368421,2,11.674999999999999
Akshat Raghuwanshi,29,4.166666666666667,0.4444444444444444,0.6296296296296297,3,11.40648148148148
J Syed Mohammad,29,2.314814814814815,2.2962962962962963,0.7407407407407407,2,11.33611111111111
VH Zol,29,3.269230769230769,0.6538461538461539,0.7307692307692307,2,11.244230769230766
Akash Deep,25,6.357142857142857,3.357142857142857,0.7142857142857143,3,11.153571428571427
Shivang Kumar,26,5.543478260869565,3.1739130434782608,0.08695652173913043,5,11.138043478260869
SB Jakati,28,1.3166666666666667,3.5,0.6333333333333333,2,10.955833333333333
NL McCullum,26,3.5217391304347827,2.869565217391304,0.5652173913043478,3,10.667391304347825
AB Dinda,26,3.6,3.36,-0.3,9,10.612
PJ Sangwan,26,3.4893617021276597,3.1914893617021276,-0.1276595744680851,8,10.585106382978722
Kartik Tyagi,24,5.6,3.68,-0.16,6,10.504
AS Joseph,27,0.421875,3.25,0.71875,1,10.34921875
ER Dwivedi,24,4.533333333333333,2.4,1.2666666666666666,2,10.266666666666666
JM Kemp,26,2.74,1.64,0.68,2,10.248999999999999
A Choudhary,25,2.675,3.4,0.75,2,10.24875
AS Rajpoot,26,1.6585365853658536,3.4634146341463414,0.17073170731707318,4,10.241463414634145
Mohsin Khan,25,2.693548387096774,3.4838709677419355,0.25806451612903225,4,10.171774193548387
AA Kulkarni,26,3.1875,0.75,0.34375,3,10.115625
Sanvir Singh,25,2.7045454545454546,2.5454545454545454,0.7727272727272727,2,10.089772727272727
Yudhvir Singh,22,6.6875,3.25,0.125,4,10.046875
KC Cariappa,24,4.023809523809524,2.5238095238095237,0.42857142857142855,3,9.99642857142857
CV Varun,26,0.49019607843137253,3.4901960784313726,0.3137254901960784,3,9.983333333333333
DJ Malan,26,2.25,0.4230769230769231,0.8461538461538461,1,9.916346153846153
AJ Turner,24,3.903225806451613,2.5806451612903225,0.0967741935483871,5,9.911290322580644
S Chanderpaul,25,3.0454545454545454,0.7272727272727273,0.36363636363636365,3,9.729545454545454
MA Khote,24,2.6363636363636362,2.5454545454545454,0.7727272727272727,2,9.72272727272727
AF Milne,23,3.7096774193548385,2.870967741935484,0.0,5,9.551612903225806
Umran Malik,23,1.9375,3.5625,1.25,1,9.496875
SW Tait,23,2.9038461538461537,2.6153846153846154,0.3076923076923077,3,9.360576923076922
J Arunkumar,23,4.145833333333333,0.8333333333333334,0.4166666666666667,3,9.336458333333333
SA Abbott,22,3.0,3.2222222222222223,0.7222222222222222,2,9.238888888888887
AU Rashid,22,4.294117647058823,1.1764705882352942,0.8235294117647058,2,9.173529411764704
BMAJ Mendis,23,3.7962962962962963,0.5185185185185185,0.2962962962962963,3,9.162037037037036
Tanush Kotian,24,1.609375,0.59375,0.625,1,9.046093749999999
M Tiwari,21,3.25,2.9166666666666665,1.3333333333333333,1,9.012500000000001
GB Hogg,22,2.0681818181818183,3.409090909090909,0.5454545454545454,2,9.007954545454545
Kumar Kushagra,21,5.738095238095238,1.0476190476190477,0.047619047619047616,4,9.003571428571428
XC Bartlett,22,3.1666666666666665,1.5714285714285714,0.5714285714285714,2,8.920238095238094
KL Nagarkoti,22,2.6323529411764706,2.5588235294117645,0.08823529411764706,4,8.8875
Sediqullah Atal,22,3.40625,0.4375,1.1875,1,8.8765625
HE van der Dussen,22,2.46,1.72,0.6,2,8.778999999999998
P Dubey,23,0.7575757575757576,2.090909090909091,0.5757575757575758,1,8.772727272727272
M Muralitharan,20,4.05,3.9,-0.26666666666666666,6,8.739166666666666
BKG Mendis,20,4.7272727272727275,0.5454545454545454,1.4545454545454546,1,8.581818181818182
Auqib Nabi,14,10.0,3.0,2.5,1,8.5
C Sakariya,20,3.225806451612903,3.5483870967741935,-0.0967741935483871,5,8.496774193548386
AC Thomas,20,2.3947368421052633,3.6315789473684212,0.5263157894736842,2,8.430263157894736
DE Bollinger,21,0.717391304347826,3.4782608695652173,0.8260869565217391,1,8.390217391304347
NJ Maddinson,20,4.5,1.0,0.23809523809523808,3,8.372619047619047
R Bishnoi,19,5.411764705882353,1.3529411764705883,0.23529411764705882,3,8.320588235294117
Harmeet Singh,18,4.541666666666667,3.75,0.6666666666666666,2,8.31875
B Indrajith,21,3.064516129032258,0.7419354838709677,0.22580645161290322,3,8.309677419354838
R Sai Kishore,18,4.46875,3.8125,0.4375,3,8.2671875
Saurav Chauhan,18,4.6875,3.375,0.25,3,8.196875
RR Raje,20,1.3333333333333333,3.4444444444444446,0.8333333333333334,1,8.188888888888888
NT Ellis,19,3.4423076923076925,3.0,0.0,4,8.110576923076923
S Kaul,20,1.0138888888888888,3.8055555555555554,0.1388888888888889,3,8.042361111111113
Gulbadin Naib,19,2.3666666666666667,2.4,0.9333333333333333,1,7.908333333333332
R Shukla,19,1.673913043478261,3.4782608695652173,0.391304347826087,2,7.842391304347825
KMA Paul,18,2.980769230769231,3.8076923076923075,0.07692307692307693,4,7.822115384615384
BJ Haddin,18,4.409090909090909,0.6363636363636364,1.1818181818181819,1,7.765909090909091
I Udana,15,6.909090909090909,3.909090909090909,0.0,3,7.75909090909091
JJ van der Wath,18,3.1470588235294117,2.764705882352941,0.5294117647058824,2,7.745588235294117
P Sahu,19,0.5384615384615384,3.3076923076923075,1.4615384615384615,0,7.7384615384615385
A Mukund,19,3.0869565217391304,0.6521739130434783,0.43478260869565216,2,7.639130434782608
Y Gnaneswara Rao,19,2.6944444444444446,0.5555555555555556,0.8333333333333334,1,7.601388888888889
DR Martyn,19,2.5576923076923075,0.9230769230769231,0.4230769230769231,2,7.558653846153845
DS Lehmann,18,3.736842105263158,0.631578947368421,0.5263157894736842,2,7.465789473684211
Naveen-ul-Haq,18,1.4615384615384615,3.0,0.5,2,7.365384615384615
JR Hazlewood,19,0.4838709677419355,2.4838709677419355,0.4838709677419355,1,7.364516129032258
AJ Hosein,18,0.46153846153846156,3.230769230769231,1.4615384615384615,0,7.3538461538461535
P Ray Barman,19,1.82,0.64,0.6,1,7.353
T Banton,18,3.159090909090909,0.6818181818181818,0.45454545454545453,2,7.317045454545455
PP Ojha,16,4.155555555555556,3.8666666666666667,-0.6222222222222222,10,7.2877777777777775
Sumit Kumar,18,1.9807692307692308,1.9615384615384615,0.5,2,7.2875
Parvez Rasool,17,2.025,3.5,0.4,2,7.236249999999999
Vijaykumar Vyshak,16,2.5588235294117645,3.588235294117647,0.47058823529411764,2,7.0514705882352935
JA Richardson,17,3.0925925925925926,1.2592592592592593,0.1111111111111111,3,6.997222222222221
M Theekshana,17,1.6029411764705883,2.7058823529411766,0.29411764705882354,3,6.950735294117646
PV Tambe,18,-0.1282051282051282,2.923076923076923,0.38461538461538464,1,6.929487179487179
CK Kapugedera,16,2.5416666666666665,3.1666666666666665,0.16666666666666666,3,6.902083333333334
SU Parakh,13,8.1875,1.0,0.375,2,6.871875
A Zampa,15,4.8,2.2,-0.36,5,6.8180000000000005
YV Dhull,16,3.9565217391304346,0.6956521739130435,0.043478260869565216,3,6.73695652173913
KS Sharma,16,3.6,0.72,0.04,3,6.652
F Behardien,14,3.730769230769231,3.4615384615384617,0.3076923076923077,2,6.586538461538461
JL Pattinson,15,1.9230769230769231,3.4615384615384617,0.7692307692307693,1,6.5769230769230775
Harsh Dubey,13,4.5,3.6363636363636362,0.45454545454545453,2,6.493181818181818
MDKJ Perera,14,5.038461538461538,0.8461538461538461,0.38461538461538464,2,6.40576923076923
KJ Abbott,13,3.9375,3.25,1.0,1,6.384375
SD Lad,15,3.269230769230769,0.7692307692307693,0.7692307692307693,1,6.375000000000001
MA Wood,12,4.9,3.8,0.4,2,6.264999999999999
Virat Singh,15,3.3846153846153846,0.7307692307692307,0.038461538461538464,3,6.25
Arjun Tendulkar,13,3.2222222222222223,3.4444444444444446,0.8888888888888888,1,6.222222222222222
GR Napier,15,2.3125,1.3125,0.625,1,6.215625
VY Mahesh,15,1.2142857142857142,2.75,0.39285714285714285,2,6.182142857142857
MP Breetzke,14,3.5,0.6666666666666666,1.0833333333333333,1,6.125
S Badree,13,4.38,2.8,-0.4,5,6.124999999999999
FA Allen,14,2.3684210526315788,2.736842105263158,0.2631578947368421,2,6.092105263157894
C Madan,15,1.9285714285714286,0.6666666666666666,0.8095238095238095,1,6.027380952380953
Mujeeb Ur Rahman,12,4.566666666666666,3.2666666666666666,-0.06666666666666667,3,5.981666666666666
K Kartikeya,12,3.638888888888889,3.0555555555555554,0.05555555555555555,3,5.731944444444444
DG Nalkande,12,5.166666666666667,1.0,0.16666666666666666,2,5.725
RR Bhatkal,0,22.0,6.0,-5.0,2,5.7
S Lamichhane,0,22.0,6.0,-5.0,1,5.7
C Nanda,0,22.0,6.0,-5.0,1,5.7
Sunny Gupta,0,22.0,6.0,-5.0,1,5.7
S Kaushik,0,22.0,6.0,-5.0,1,5.7
V Pratap Singh,0,22.0,6.0,-5.0,1,5.7
DT Patil,13,3.0384615384615383,0.7692307692307693,0.6153846153846154,1,5.586538461538462
Mustafizur Rahman,13,0.9791666666666666,3.8333333333333335,0.125,2,5.586458333333334
R Smaran,13,3.236842105263158,0.8421052631578947,0.15789473684210525,2,5.5592105263157885
DR Shorey,13,3.15,0.65,0.3,2,5.527499999999999
AA Chavan,12,2.5,2.8181818181818183,0.6363636363636364,1,5.51590909090909
JL Denly,0,23.5,3.0,-5.0,1,5.475
R Minz,12,3.925,1.45,-0.1,3,5.45125
DNT Zoysa,11,3.111111111111111,3.0,0.8888888888888888,1,5.405555555555556
T Thushara,12,1.736842105263158,3.6842105263157894,0.15789473684210525,2,5.402631578947367
K Upadhyay,12,0.3333333333333333,3.3333333333333335,1.3333333333333333,0,5.216666666666666
DAJ Bracewell,12,0.4444444444444444,3.111111111111111,1.3333333333333333,0,5.199999999999998
Simarjeet Singh,10,4.366666666666666,3.2666666666666666,-0.3333333333333333,3,5.178333333333334
T Kohli,11,3.575,2.0,-0.15,3,5.11375
L Wood,9,3.0,3.0,3.0,0,5.1
Karanveer Singh,12,1.3235294117647058,2.411764705882353,0.4117647058823529,1,5.095588235294117
J Theron,10,3.1538461538461537,3.6923076923076925,0.07692307692307693,2,5.042307692307692
AR Bawne,12,-0.16666666666666666,3.3333333333333335,1.0,0,5.0249999999999995
SB Wagh,2,15.166666666666666,5.0,-2.6666666666666665,2,4.958333333333333
KAJ Roach,10,3.0,2.888888888888889,0.5555555555555556,1,4.938888888888888
TS Mills,8,6.392857142857143,3.2142857142857144,-0.7857142857142857,4,4.883928571428571
Shivam Sharma,5,8.833333333333334,4.0,0.0,1,4.758333333333334
M Ntini,11,0.2631578947368421,3.8421052631578947,0.3684210526315789,1,4.757894736842105
JPR Scantlebury-Searles,8,4.25,3.8333333333333335,0.5,1,4.729166666666666
VG Arora,10,2.5357142857142856,3.142857142857143,-0.2857142857142857,4,4.705357142857142
CK Langeveldt,8,5.5,2.7777777777777777,-0.2222222222222222,2,4.686111111111111
T Henderson,11,2.21875,0.75,0.4375,1,4.6421875
KT Maphaka,8,2.5,3.0,3.0,0,4.625
RK Bhui,10,3.7222222222222223,1.0740740740740742,-0.3333333333333333,4,4.578703703703704
BB Sran,10,1.1428571428571428,3.4285714285714284,0.5,1,4.571428571428571
AG Murtaza,10,1.0357142857142858,3.642857142857143,0.35714285714285715,1,4.558928571428572
D du Preez,10,1.7692307692307692,2.6153846153846154,0.38461538461538464,1,4.542307692307692
P Chopra,8,5.666666666666667,1.0,0.5,1,4.516666666666667
SMSM Senanayake,10,0.5882352941176471,3.5294117647058822,0.35294117647058826,1,4.423529411764705
Jaskaran Singh,8,4.0,3.272727272727273,-0.18181818181818182,2,4.418181818181818
Ankit Soni,7,4.722222222222222,4.0,-0.1111111111111111,2,4.408333333333333
AN Ghosh,7,7.0,1.125,-0.375,2,4.349999999999999
Mukesh Kumar,10,0.25,3.5,0.35,1,4.3325000000000005
JE Root,10,2.3333333333333335,0.6666666666666666,0.3333333333333333,1,4.283333333333333
VRV Singh,4,8.333333333333334,4.0,0.0,1,4.283333333333333
PWA Mulder,9,1.6666666666666667,3.0833333333333335,0.4166666666666667,1,4.266666666666667
VS Yeligati,2,11.75,4.5,-1.5,1,4.237500000000001
X Thalaivan Sargunam,10,1.7647058823529411,1.1764705882352942,0.29411764705882354,1,4.235294117647059
Krish Bhagat,10,0.6666666666666666,2.4761904761904763,0.2857142857142857,1,4.219047619047618
CRD Fernando,4,8.5,3.6666666666666665,-0.3333333333333333,1,4.191666666666666
TD Paine,10,1.9310344827586208,0.6206896551724138,0.1724137931034483,2,4.141379310344828
KK Ahmed,2,11.777777777777779,4.888888888888889,-2.5555555555555554,5,4.111111111111112
VS Malik,7,3.2857142857142856,3.5714285714285716,0.5714285714285714,1,4.1
MJ Henry,7,4.8,2.5,-0.3,2,4.09
AA Noffke,9,2.9583333333333335,0.5,0.5,1,4.089583333333334
M Prasidh Krishna,9,0.75,3.7916666666666665,-0.041666666666666664,2,4.0874999999999995
Arshad Khan (2),5,6.125,4.0,0.0,1,4.08125
OC McCoy,8,0.7,3.4,1.6,0,3.9749999999999996
Pankaj Singh,7,3.125,3.8333333333333335,-0.25,2,3.9479166666666665
TM Srivastava,8,2.090909090909091,2.5454545454545454,0.2727272727272727,1,3.8863636363636362
SM Harwood,9,-0.6785714285714286,3.2857142857142856,0.9285714285714286,0,3.8232142857142852
Yash Dayal,4,7.0,4.0,-1.2222222222222223,3,3.7055555555555557
I Malhotra,7,1.125,3.0,1.75,0,3.68125
SJ Srivastava,5,4.7,3.6,0.0,1,3.645
MJ Suthar,1,11.0,4.5,-2.0,1,3.6
M de Lange,1,11.0,4.5,-2.0,1,3.6
KA Maharaj,1,11.0,4.5,-2.0,1,3.6
CJ McKay,8,2.1333333333333333,0.6666666666666666,0.2,1,3.5066666666666664
IS Sodhi,7,2.0555555555555554,2.611111111111111,0.0,2,3.4861111111111107
V Viyaskanth,7,0.6,3.0,1.4,0,3.4799999999999995
SH Johnson,8,-0.36363636363636365,2.909090909090909,0.8181818181818182,0,3.4545454545454546
MP Yadav,5,3.5,3.8333333333333335,0.16666666666666666,1,3.425
B Stanlake,5,2.25,3.0,2.5,0,3.4125
BAW Mendis,3,7.0,4.166666666666667,-1.1666666666666667,2,3.4
P Awana,5,3.857142857142857,4.071428571428571,-0.7142857142857143,3,3.3857142857142857
Liton Das,4,7.125,1.25,-0.25,1,3.38125
SE Bond,1,12.5,1.5,-2.0,1,3.3750000000000004
Akash Madhwal,8,-0.32142857142857145,2.357142857142857,0.6428571428571429,0,3.319642857142857
Mohammad Asif,3,7.75,2.6666666666666665,-1.1666666666666667,2,3.2874999999999996
A Singh,2,8.35,3.9,-1.7,4,3.2275
GD McGrath,4,4.1,4.2,-0.2,1,3.2249999999999996
FH Edwards,4,4.2,4.0,-0.2,1,3.21
GC Viljoen,3,5.785714285714286,4.0,-0.5714285714285714,2,3.1821428571428565
UA Birla,7,1.9666666666666666,0.8,0.26666666666666666,1,3.155
L Ngidi,4,4.222222222222222,4.0,-0.5555555555555556,2,3.1444444444444444
DV Malewar,2,9.9,1.4,-1.6,2,3.135
SB Joshi,6,3.125,1.125,-0.125,2,3.08125
DA Payne,6,0.3,3.0,1.4,0,3.0549999999999997
DM Bravo,6,0.1,3.4,1.2,0,3.045
R Sanjay Yadav,0,10.0,5.0,-2.5,1,3.0
KMDN Kulasekara,5,1.0,3.0,2.0,0,3.0
SS Cottrell,0,10.0,5.0,-2.5,1,3.0
IC Pandey,0,10.0,5.0,-2.5,1,3.0
B Laughlin,5,3.269230769230769,2.3076923076923075,-0.38461538461538464,2,2.951923076923077
BA Bhatt,6,-0.6428571428571429,3.857142857142857,0.8571428571428571,0,2.8821428571428567
PSP Handscomb,6,2.5,0.6666666666666666,0.08333333333333333,1,2.8749999999999996
RS Sodhi,4,1.25,3.5,2.0,0,2.8125
Mukesh Choudhary,6,0.75,1.5,1.0,0,2.7874999999999996
LG Pretorius,0,11.5,2.0,-2.5,1,2.775
MJ Owen,0,11.5,2.0,-2.5,1,2.775
KM Asif,0,11.5,2.0,-2.5,1,2.775
A Uniyal,4,2.5714285714285716,3.7142857142857144,-0.14285714285714285,1,2.757142857142857
A Chandila,4,2.5714285714285716,3.7142857142857144,-0.14285714285714285,1,2.757142857142857
JP Behrendorff,6,-0.6666666666666666,3.3333333333333335,0.6666666666666666,0,2.733333333333333
SS Shaikh,6,1.0,0.5714285714285714,0.8571428571428571,0,2.6357142857142852
KP Appanna,2,5.125,3.75,-0.5,1,2.63125
S Randiv,2,4.875,4.25,-0.75,1,2.61875
DJ Muthuswami,1,6.666666666666667,4.333333333333333,-1.3333333333333333,1,2.6166666666666667
LE Plunkett,1,6.666666666666667,4.333333333333333,-1.3333333333333333,1,2.6166666666666667
BE Hendricks,1,6.666666666666667,4.333333333333333,-1.3333333333333333,1,2.6166666666666667
GHS Garton,2,5.0,4.0,-0.75,1,2.6
Kamran Khan,3,5.1,1.6,-0.4,1,2.5649999999999995
R Ninan,3,3.0833333333333335,3.6666666666666665,-0.16666666666666666,1,2.5208333333333335
Shoaib Ahmed,1,6.833333333333333,3.5,-1.5,2,2.458333333333333
A Tomar,4,3.3125,1.125,-0.125,1,2.428125
H Das,2,3.6,4.0,-0.6,1,2.2800000000000002
Prince Yadav,5,-1.0833333333333333,3.4166666666666665,0.5833333333333334,0,2.279166666666667
D Kalyankrishna,3,1.8125,3.75,-0.125,1,2.228125
Fazalhaq Farooqi,5,-1.3333333333333333,3.6666666666666665,0.3333333333333333,0,2.2166666666666672
DP Nannes,4,0.9230769230769231,2.923076923076923,-0.07692307692307693,1,2.2
DS Rathi,3,1.4444444444444444,3.6666666666666665,0.0,1,2.1444444444444444
A Dananjaya,4,-0.5,3.4,0.8,0,2.115
Younis Khan,3,3.7857142857142856,0.8571428571428571,-0.2857142857142857,1,2.1107142857142858
RP Meredith,0,6.0,4.666666666666667,-1.6666666666666667,1,2.1
BR Sharath,2,5.1,1.0,-0.6,1,2.0549999999999997
T Natarajan,4,-0.8571428571428571,3.4285714285714284,0.5714285714285714,0,1.9857142857142858
PP Hinge,3,2.6666666666666665,1.2222222222222223,-0.1111111111111111,1,1.9388888888888887
MS Bhandage,1,6.0,1.25,-1.0,1,1.9000000000000001
Musheer Khan,0,7.5,1.6666666666666667,-1.6666666666666667,1,1.875
JE Taylor,3,-0.5,3.25,1.0,0,1.7749999999999997
S Tyagi,3,-0.5,3.25,0.75,0,1.7249999999999996
N Burger,3,-0.8,3.4,0.6,0,1.65
Shoaib Akhtar,2,2.6875,1.625,-0.25,1,1.6468749999999999
RJW Topley,3,-1.0,3.5,0.5,0,1.6
RJ Gleeson,2,0.0,3.0,1.5,0,1.6
RS Gavaskar,2,3.0,1.0,-0.375,1,1.575
Mashrafe Mortaza,2,-0.25,3.5,1.0,0,1.5374999999999999
RG More,2,0.0,3.0,1.0,0,1.5
Mohammad Ashraful,2,1.9583333333333333,0.75,0.0,1,1.3395833333333331
Shivam Singh,2,-0.6666666666666666,3.3333333333333335,0.6666666666666666,0,1.3333333333333335
Brijesh Sharma,2,-1.0,3.5,0.5,0,1.25
T Shamsi,2,-1.0,3.5,0.5,0,1.25
S Ladda,0,3.9,2.2,-0.9,2,1.235
KS Rathore,0,4.3,1.4,-1.0,1,1.155
PVSN Raju,1,0.0,3.0,1.0,0,1.1500000000000001
NJ Rimmington,1,0.0,3.0,1.0,0,1.1500000000000001
SZ Mulani,1,0.0,3.0,1.0,0,1.1500000000000001
Abdul Basith,1,0.0,3.0,1.0,0,1.1500000000000001
DP Vijaykumar,1,0.0,3.0,1.0,0,1.1500000000000001
E Malinga,2,-1.05,2.7,0.4,0,1.0575
LB Williams,1,-1.0,3.5,0.5,0,0.9
PM Sarvesh Kumar,1,-1.0,3.5,0.5,0,0.9
Mohit Rathee,1,-1.0,3.5,0.5,0,0.9
P Parameswaran,1,-1.1666666666666667,3.3333333333333335,0.6666666666666666,0,0.8583333333333334
HF Gurney,1,-1.6,3.8,0.2,0,0.75
Ashwani Kumar,1,-1.6666666666666667,3.8333333333333335,0.16666666666666666,0,0.7333333333333333
ND Doshi,0,-0.15384615384615385,4.153846153846154,-0.38461538461538464,1,0.7153846153846155
Ashok Sharma,1,-0.3,1.2,0.4,0,0.595
YA Abdulla,0,-1.5,3.0,1.0,0,0.4250000000000001
Y Prithvi Raj,0,-2.0,4.0,0.0,0,0.30000000000000004
Mayank Dagar,0,-2.0,4.0,0.0,0,0.30000000000000004
K Yadav,0,-2.0,4.0,0.0,0,0.30000000000000004
Abdur Razzak,0,-2.0,4.0,0.0,0,0.30000000000000004
KR Sen,0,-2.0,4.0,0.0,0,0.30000000000000004
L Ablish,0,-2.0,4.0,0.0,0,0.30000000000000004
U Kaul,0,-2.0,4.0,0.0,0,0.30000000000000004
